"","data.pct_covid","data.covid_se","data.pct_covid_unw","data.covid_se_unw","data.sample_size","data.country","data.region","data.iso_code","data.gid_0","data.gid_1","data.survey_date","status"
"1",0.002522,0.001595,0.004104,0.002365,731,"Brazil","Rio Grande do Sul","BRA","BRA","BRA.21_1","20200501","success"
"2",0.002354,0.001735,0.002941,0.002077,680,"Brazil","Rio Grande do Sul","BRA","BRA","BRA.21_1","20200502","success"
"3",0.011891,0.005404,0.009346,0.003798,642,"Brazil","Rio Grande do Sul","BRA","BRA","BRA.21_1","20200503","success"
"4",0.006833,0.002954,0.008547,0.003474,702,"Brazil","Rio Grande do Sul","BRA","BRA","BRA.21_1","20200504","success"
"5",0.004149,0.001955,0.007353,0.003276,680,"Brazil","Rio Grande do Sul","BRA","BRA","BRA.21_1","20200505","success"
"6",0.010871,0.005971,0.007215,0.003215,693,"Brazil","Rio Grande do Sul","BRA","BRA","BRA.21_1","20200506","success"
"7",0.00296,0.002155,0.003058,0.002159,654,"Brazil","Rio Grande do Sul","BRA","BRA","BRA.21_1","20200507","success"
"8",0.001952,0.001388,0.002941,0.002077,680,"Brazil","Rio Grande do Sul","BRA","BRA","BRA.21_1","20200508","success"
"9",0.013427,0.00587,0.012048,0.004234,664,"Brazil","Rio Grande do Sul","BRA","BRA","BRA.21_1","20200509","success"
"10",0.004724,0.003777,0.004559,0.002626,658,"Brazil","Rio Grande do Sul","BRA","BRA","BRA.21_1","20200510","success"
"11",0.006327,0.00332,0.005952,0.002967,672,"Brazil","Rio Grande do Sul","BRA","BRA","BRA.21_1","20200511","success"
"12",0.005365,0.003369,0.004785,0.002756,627,"Brazil","Rio Grande do Sul","BRA","BRA","BRA.21_1","20200512","success"
"13",0.002772,0.002022,0.003279,0.002315,610,"Brazil","Rio Grande do Sul","BRA","BRA","BRA.21_1","20200513","success"
"14",0.001766,0.001256,0.003472,0.002451,576,"Brazil","Rio Grande do Sul","BRA","BRA","BRA.21_1","20200514","success"
"15",0.004234,0.002363,0.006536,0.003257,612,"Brazil","Rio Grande do Sul","BRA","BRA","BRA.21_1","20200515","success"
"16",0.005729,0.003393,0.004104,0.002365,731,"Brazil","Rio Grande do Sul","BRA","BRA","BRA.21_1","20200516","success"
"17",0.006118,0.004056,0.003891,0.002242,771,"Brazil","Rio Grande do Sul","BRA","BRA","BRA.21_1","20200517","success"
"18",0.01103,0.004331,0.008974,0.003377,780,"Brazil","Rio Grande do Sul","BRA","BRA","BRA.21_1","20200518","success"
"19",0.006003,0.002734,0.007585,0.003085,791,"Brazil","Rio Grande do Sul","BRA","BRA","BRA.21_1","20200519","success"
"20",0.00938,0.004626,0.00813,0.003621,615,"Brazil","Rio Grande do Sul","BRA","BRA","BRA.21_1","20200520","success"
"21",0.005855,0.005006,0.003215,0.00227,622,"Brazil","Rio Grande do Sul","BRA","BRA","BRA.21_1","20200521","success"
"22",0.014435,0.010333,0.0048,0.002765,625,"Brazil","Rio Grande do Sul","BRA","BRA","BRA.21_1","20200522","success"
"23",0.005794,0.004023,0.00436,0.002512,688,"Brazil","Rio Grande do Sul","BRA","BRA","BRA.21_1","20200523","success"
"24",0.005727,0.003407,0.004082,0.002352,735,"Brazil","Rio Grande do Sul","BRA","BRA","BRA.21_1","20200524","success"
"25",0.002303,0.001201,0.005674,0.002829,705,"Brazil","Rio Grande do Sul","BRA","BRA","BRA.21_1","20200525","success"
"26",0.003589,0.002566,0.004071,0.002345,737,"Brazil","Rio Grande do Sul","BRA","BRA","BRA.21_1","20200526","success"
"27",0,0,0,0,738,"Brazil","Rio Grande do Sul","BRA","BRA","BRA.21_1","20200527","success"
"28",0.005843,0.00364,0.00458,0.002638,655,"Brazil","Rio Grande do Sul","BRA","BRA","BRA.21_1","20200528","success"
"29",0.007981,0.004207,0.007508,0.003345,666,"Brazil","Rio Grande do Sul","BRA","BRA","BRA.21_1","20200529","success"
"30",0.002322,0.001445,0.004444,0.00256,675,"Brazil","Rio Grande do Sul","BRA","BRA","BRA.21_1","20200530","success"
"31",0.010009,0.003485,0.013908,0.004367,719,"Brazil","Rio Grande do Sul","BRA","BRA","BRA.21_1","20200531","success"
"32",0.001333,0.001334,0.001852,0.00185,540,"Brazil","Rio Grande do Sul","BRA","BRA","BRA.21_1","20200601","success"
"33",0.002557,0.001479,0.004373,0.002519,686,"Brazil","Rio Grande do Sul","BRA","BRA","BRA.21_1","20200602","success"
"34",0.006109,0.003187,0.005979,0.002981,669,"Brazil","Rio Grande do Sul","BRA","BRA","BRA.21_1","20200603","success"
"35",0.007094,0.003148,0.008811,0.003581,681,"Brazil","Rio Grande do Sul","BRA","BRA","BRA.21_1","20200604","success"
"36",0.003651,0.00261,0.002937,0.002074,681,"Brazil","Rio Grande do Sul","BRA","BRA","BRA.21_1","20200605","success"
"37",0.009846,0.006345,0.00578,0.002882,692,"Brazil","Rio Grande do Sul","BRA","BRA","BRA.21_1","20200606","success"
"38",0.007096,0.00452,0.004005,0.002308,749,"Brazil","Rio Grande do Sul","BRA","BRA","BRA.21_1","20200607","success"
"39",0.009768,0.003781,0.011679,0.004105,685,"Brazil","Rio Grande do Sul","BRA","BRA","BRA.21_1","20200608","success"
"40",0.004611,0.002718,0.003963,0.002284,757,"Brazil","Rio Grande do Sul","BRA","BRA","BRA.21_1","20200609","success"
"41",0,0,0,0,688,"Brazil","Rio Grande do Sul","BRA","BRA","BRA.21_1","20200610","success"
"42",0.011202,0.006131,0.008108,0.003297,740,"Brazil","Rio Grande do Sul","BRA","BRA","BRA.21_1","20200611","success"
"43",0.009671,0.003785,0.008696,0.003272,805,"Brazil","Rio Grande do Sul","BRA","BRA","BRA.21_1","20200612","success"
"44",0.002091,0.00148,0.002594,0.001832,771,"Brazil","Rio Grande do Sul","BRA","BRA","BRA.21_1","20200613","success"
"45",0.007557,0.003031,0.008589,0.003232,815,"Brazil","Rio Grande do Sul","BRA","BRA","BRA.21_1","20200614","success"
"46",0.009464,0.004518,0.007634,0.003104,786,"Brazil","Rio Grande do Sul","BRA","BRA","BRA.21_1","20200615","success"
"47",0.004603,0.002705,0.004405,0.002538,681,"Brazil","Rio Grande do Sul","BRA","BRA","BRA.21_1","20200616","success"
"48",0.009901,0.005201,0.006349,0.003165,630,"Brazil","Rio Grande do Sul","BRA","BRA","BRA.21_1","20200617","success"
"49",0.003162,0.002284,0.003067,0.002166,652,"Brazil","Rio Grande do Sul","BRA","BRA","BRA.21_1","20200618","success"
"50",0.010117,0.004511,0.009677,0.003932,620,"Brazil","Rio Grande do Sul","BRA","BRA","BRA.21_1","20200619","success"
"51",0.012165,0.004389,0.014331,0.004743,628,"Brazil","Rio Grande do Sul","BRA","BRA","BRA.21_1","20200620","success"
"52",0.005168,0.003163,0.004342,0.002501,691,"Brazil","Rio Grande do Sul","BRA","BRA","BRA.21_1","20200621","success"
"53",0.006775,0.005274,0.004082,0.002352,735,"Brazil","Rio Grande do Sul","BRA","BRA","BRA.21_1","20200622","success"
"54",0.009308,0.003648,0.010582,0.003721,756,"Brazil","Rio Grande do Sul","BRA","BRA","BRA.21_1","20200623","success"
"55",0.0055,0.003383,0.004213,0.002428,712,"Brazil","Rio Grande do Sul","BRA","BRA","BRA.21_1","20200624","success"
"56",0.007762,0.003569,0.008596,0.003494,698,"Brazil","Rio Grande do Sul","BRA","BRA","BRA.21_1","20200625","success"
"57",0.012304,0.004654,0.013314,0.004408,676,"Brazil","Rio Grande do Sul","BRA","BRA","BRA.21_1","20200626","success"
"58",0.01199,0.004852,0.012698,0.004461,630,"Brazil","Rio Grande do Sul","BRA","BRA","BRA.21_1","20200627","success"
"59",0.002792,0.00201,0.003003,0.00212,666,"Brazil","Rio Grande do Sul","BRA","BRA","BRA.21_1","20200628","success"
"60",0.00486,0.00289,0.004274,0.002462,702,"Brazil","Rio Grande do Sul","BRA","BRA","BRA.21_1","20200629","success"
"61",0.01022,0.003691,0.013139,0.004351,685,"Brazil","Rio Grande do Sul","BRA","BRA","BRA.21_1","20200630","success"
"62",0.009311,0.004188,0.009693,0.003938,619,"Brazil","Rio Grande do Sul","BRA","BRA","BRA.21_1","20200701","success"
"63",0.013247,0.005486,0.012598,0.004426,635,"Brazil","Rio Grande do Sul","BRA","BRA","BRA.21_1","20200702","success"
"64",0.003078,0.001825,0.004666,0.002687,643,"Brazil","Rio Grande do Sul","BRA","BRA","BRA.21_1","20200703","success"
"65",0.007165,0.003965,0.005874,0.002928,681,"Brazil","Rio Grande do Sul","BRA","BRA","BRA.21_1","20200704","success"
"66",0.008281,0.002977,0.011796,0.003909,763,"Brazil","Rio Grande do Sul","BRA","BRA","BRA.21_1","20200705","success"
"67",0.007222,0.00287,0.009434,0.003549,742,"Brazil","Rio Grande do Sul","BRA","BRA","BRA.21_1","20200706","success"
"68",0.001214,0.001214,0.001232,0.001231,812,"Brazil","Rio Grande do Sul","BRA","BRA","BRA.21_1","20200707","success"
"69",0.003637,0.002146,0.004155,0.002394,722,"Brazil","Rio Grande do Sul","BRA","BRA","BRA.21_1","20200708","success"
"70",0.004633,0.002191,0.007704,0.003432,649,"Brazil","Rio Grande do Sul","BRA","BRA","BRA.21_1","20200709","success"
"71",0.010833,0.00438,0.010495,0.003946,667,"Brazil","Rio Grande do Sul","BRA","BRA","BRA.21_1","20200710","success"
"72",0.02056,0.007997,0.012121,0.004259,660,"Brazil","Rio Grande do Sul","BRA","BRA","BRA.21_1","20200711","success"
"73",0.005181,0.002851,0.005917,0.00295,676,"Brazil","Rio Grande do Sul","BRA","BRA","BRA.21_1","20200712","success"
"74",0.017403,0.009725,0.010855,0.003817,737,"Brazil","Rio Grande do Sul","BRA","BRA","BRA.21_1","20200713","success"
"75",0.009471,0.00388,0.01013,0.003809,691,"Brazil","Rio Grande do Sul","BRA","BRA","BRA.21_1","20200714","success"
"76",0.010919,0.004008,0.013255,0.004389,679,"Brazil","Rio Grande do Sul","BRA","BRA","BRA.21_1","20200715","success"
"77",0.015852,0.007017,0.011645,0.004093,687,"Brazil","Rio Grande do Sul","BRA","BRA","BRA.21_1","20200716","success"
"78",0.009781,0.003783,0.012759,0.004482,627,"Brazil","Rio Grande do Sul","BRA","BRA","BRA.21_1","20200717","success"
"79",0.007341,0.00385,0.007215,0.003215,693,"Brazil","Rio Grande do Sul","BRA","BRA","BRA.21_1","20200718","success"
"80",0.013867,0.005855,0.01138,0.004,703,"Brazil","Rio Grande do Sul","BRA","BRA","BRA.21_1","20200719","success"
"81",0.008156,0.003689,0.007702,0.003132,779,"Brazil","Rio Grande do Sul","BRA","BRA","BRA.21_1","20200720","success"
"82",0.010193,0.003494,0.012755,0.004008,784,"Brazil","Rio Grande do Sul","BRA","BRA","BRA.21_1","20200721","success"
"83",0.014862,0.005224,0.012642,0.003972,791,"Brazil","Rio Grande do Sul","BRA","BRA","BRA.21_1","20200722","success"
"84",0.008397,0.004324,0.007257,0.003234,689,"Brazil","Rio Grande do Sul","BRA","BRA","BRA.21_1","20200723","success"
"85",0.009577,0.004225,0.008942,0.003634,671,"Brazil","Rio Grande do Sul","BRA","BRA","BRA.21_1","20200724","success"
"86",0.009336,0.003638,0.010914,0.003838,733,"Brazil","Rio Grande do Sul","BRA","BRA","BRA.21_1","20200725","success"
"87",0.011248,0.004252,0.01108,0.003896,722,"Brazil","Rio Grande do Sul","BRA","BRA","BRA.21_1","20200726","success"
"88",0.009961,0.003625,0.012392,0.003894,807,"Brazil","Rio Grande do Sul","BRA","BRA","BRA.21_1","20200727","success"
"89",0.007585,0.002891,0.00978,0.003441,818,"Brazil","Rio Grande do Sul","BRA","BRA","BRA.21_1","20200728","success"
"90",0.008746,0.003061,0.011765,0.003898,765,"Brazil","Rio Grande do Sul","BRA","BRA","BRA.21_1","20200729","success"
"91",0.011281,0.004575,0.011952,0.00396,753,"Brazil","Rio Grande do Sul","BRA","BRA","BRA.21_1","20200730","success"
"92",0.010638,0.004336,0.010014,0.003766,699,"Brazil","Rio Grande do Sul","BRA","BRA","BRA.21_1","20200731","success"
"93",0.018603,0.009658,0.010086,0.003793,694,"Brazil","Rio Grande do Sul","BRA","BRA","BRA.21_1","20200801","success"
"94",0.008868,0.0037,0.009642,0.003627,726,"Brazil","Rio Grande do Sul","BRA","BRA","BRA.21_1","20200802","success"
"95",0.014811,0.005525,0.012262,0.004062,734,"Brazil","Rio Grande do Sul","BRA","BRA","BRA.21_1","20200803","success"
"96",0.008129,0.003708,0.008633,0.003509,695,"Brazil","Rio Grande do Sul","BRA","BRA","BRA.21_1","20200804","success"
"97",0.01873,0.00861,0.009845,0.003703,711,"Brazil","Rio Grande do Sul","BRA","BRA","BRA.21_1","20200805","success"
"98",0.007473,0.003044,0.010753,0.004042,651,"Brazil","Rio Grande do Sul","BRA","BRA","BRA.21_1","20200806","success"
"99",0.011559,0.004541,0.012085,0.004247,662,"Brazil","Rio Grande do Sul","BRA","BRA","BRA.21_1","20200807","success"
"100",0.014759,0.005164,0.014493,0.004796,621,"Brazil","Rio Grande do Sul","BRA","BRA","BRA.21_1","20200808","success"
"101",0.010117,0.005573,0.006339,0.00316,631,"Brazil","Rio Grande do Sul","BRA","BRA","BRA.21_1","20200809","success"
"102",0.0059,0.002636,0.008174,0.003324,734,"Brazil","Rio Grande do Sul","BRA","BRA","BRA.21_1","20200810","success"
"103",0.013273,0.004723,0.01355,0.004256,738,"Brazil","Rio Grande do Sul","BRA","BRA","BRA.21_1","20200811","success"
"104",0.000971,0.000971,0.00146,0.001459,685,"Brazil","Rio Grande do Sul","BRA","BRA","BRA.21_1","20200812","success"
"105",0.005938,0.003041,0.006202,0.003091,645,"Brazil","Rio Grande do Sul","BRA","BRA","BRA.21_1","20200813","success"
"106",0.007289,0.005097,0.005217,0.003004,575,"Brazil","Rio Grande do Sul","BRA","BRA","BRA.21_1","20200814","success"
"107",0.016852,0.00808,0.012848,0.005211,467,"Brazil","Rio Grande do Sul","BRA","BRA","BRA.21_1","20200815","success"
"108",0.004361,0.00373,0.003945,0.002784,507,"Brazil","Rio Grande do Sul","BRA","BRA","BRA.21_1","20200816","success"
"109",0.010488,0.004721,0.01217,0.004938,493,"Brazil","Rio Grande do Sul","BRA","BRA","BRA.21_1","20200817","success"
"110",0.012803,0.006331,0.009363,0.004168,534,"Brazil","Rio Grande do Sul","BRA","BRA","BRA.21_1","20200818","success"
"111",0.010421,0.004406,0.011719,0.004756,512,"Brazil","Rio Grande do Sul","BRA","BRA","BRA.21_1","20200819","success"
"112",0.007536,0.003804,0.007752,0.003861,516,"Brazil","Rio Grande do Sul","BRA","BRA","BRA.21_1","20200820","success"
"113",0.012122,0.005502,0.010823,0.004814,462,"Brazil","Rio Grande do Sul","BRA","BRA","BRA.21_1","20200821","success"
"114",0.013015,0.008133,0.008889,0.004425,450,"Brazil","Rio Grande do Sul","BRA","BRA","BRA.21_1","20200822","success"
"115",0.010161,0.004865,0.009328,0.004152,536,"Brazil","Rio Grande do Sul","BRA","BRA","BRA.21_1","20200823","success"
"116",0.021327,0.007335,0.015957,0.005277,564,"Brazil","Rio Grande do Sul","BRA","BRA","BRA.21_1","20200824","success"
"117",0.0145,0.005353,0.014706,0.005161,544,"Brazil","Rio Grande do Sul","BRA","BRA","BRA.21_1","20200825","success"
"118",0.010526,0.004084,0.015094,0.005296,530,"Brazil","Rio Grande do Sul","BRA","BRA","BRA.21_1","20200826","success"
"119",0.00569,0.003288,0.006452,0.003713,465,"Brazil","Rio Grande do Sul","BRA","BRA","BRA.21_1","20200827","success"
"120",0.010909,0.004856,0.011628,0.004719,516,"Brazil","Rio Grande do Sul","BRA","BRA","BRA.21_1","20200828","success"
"121",0.003003,0.00245,0.004246,0.002996,471,"Brazil","Rio Grande do Sul","BRA","BRA","BRA.21_1","20200829","success"
"122",0.004027,0.002638,0.005282,0.003041,568,"Brazil","Rio Grande do Sul","BRA","BRA","BRA.21_1","20200830","success"
"123",0.007987,0.003856,0.009416,0.004191,531,"Brazil","Rio Grande do Sul","BRA","BRA","BRA.21_1","20200831","success"
"124",0.00478,0.002768,0.005964,0.003433,503,"Brazil","Rio Grande do Sul","BRA","BRA","BRA.21_1","20200901","success"
"125",0.007222,0.003204,0.012245,0.004968,490,"Brazil","Rio Grande do Sul","BRA","BRA","BRA.21_1","20200902","success"
"126",0.015709,0.005781,0.020089,0.006629,448,"Brazil","Rio Grande do Sul","BRA","BRA","BRA.21_1","20200903","success"
"127",0.014642,0.006459,0.013761,0.005579,436,"Brazil","Rio Grande do Sul","BRA","BRA","BRA.21_1","20200904","success"
"128",0.014296,0.00623,0.012346,0.005009,486,"Brazil","Rio Grande do Sul","BRA","BRA","BRA.21_1","20200905","success"
"129",0.00983,0.005688,0.007463,0.003717,536,"Brazil","Rio Grande do Sul","BRA","BRA","BRA.21_1","20200906","success"
"130",0.009182,0.00445,0.010619,0.004312,565,"Brazil","Rio Grande do Sul","BRA","BRA","BRA.21_1","20200907","success"
"131",0.018874,0.008871,0.016514,0.005459,545,"Brazil","Rio Grande do Sul","BRA","BRA","BRA.21_1","20200908","success"
"132",0.005332,0.003373,0.005535,0.003187,542,"Brazil","Rio Grande do Sul","BRA","BRA","BRA.21_1","20200909","success"
"133",0.002921,0.001736,0.005736,0.003302,523,"Brazil","Rio Grande do Sul","BRA","BRA","BRA.21_1","20200910","success"
"134",0.005229,0.003143,0.006977,0.004014,430,"Brazil","Rio Grande do Sul","BRA","BRA","BRA.21_1","20200911","success"
"135",0.001177,0.001177,0.002045,0.002043,489,"Brazil","Rio Grande do Sul","BRA","BRA","BRA.21_1","20200912","success"
"136",0.006457,0.004007,0.005837,0.00336,514,"Brazil","Rio Grande do Sul","BRA","BRA","BRA.21_1","20200913","success"
"137",0.002245,0.001638,0.003945,0.002784,507,"Brazil","Rio Grande do Sul","BRA","BRA","BRA.21_1","20200914","success"
"138",0.013706,0.007328,0.010395,0.004625,481,"Brazil","Rio Grande do Sul","BRA","BRA","BRA.21_1","20200915","success"
"139",0.001687,0.001687,0.00211,0.002107,474,"Brazil","Rio Grande do Sul","BRA","BRA","BRA.21_1","20200916","success"
"140",0.007628,0.004867,0.007009,0.004033,428,"Brazil","Rio Grande do Sul","BRA","BRA","BRA.21_1","20200917","success"
"141",0.002435,0.002434,0.002294,0.002291,436,"Brazil","Rio Grande do Sul","BRA","BRA","BRA.21_1","20200918","success"
"142",0.016626,0.008524,0.008715,0.004338,459,"Brazil","Rio Grande do Sul","BRA","BRA","BRA.21_1","20200919","success"
"143",0.005131,0.003471,0.003546,0.002044,846,"Brazil","Rio Grande do Sul","BRA","BRA","BRA.21_1","20200920","success"
"144",0.008529,0.003294,0.008377,0.002949,955,"Brazil","Rio Grande do Sul","BRA","BRA","BRA.21_1","20200921","success"
"145",0.011864,0.004394,0.011561,0.003635,865,"Brazil","Rio Grande do Sul","BRA","BRA","BRA.21_1","20200922","success"
"146",0.011325,0.005113,0.007883,0.002968,888,"Brazil","Rio Grande do Sul","BRA","BRA","BRA.21_1","20200923","success"
"147",0.005967,0.002346,0.008197,0.003085,854,"Brazil","Rio Grande do Sul","BRA","BRA","BRA.21_1","20200924","success"
"148",0.014194,0.004654,0.012543,0.003758,877,"Brazil","Rio Grande do Sul","BRA","BRA","BRA.21_1","20200925","success"
"149",0.004423,0.002248,0.004587,0.002288,872,"Brazil","Rio Grande do Sul","BRA","BRA","BRA.21_1","20200926","success"
"150",0.004779,0.002678,0.004215,0.002103,949,"Brazil","Rio Grande do Sul","BRA","BRA","BRA.21_1","20200927","success"
"151",0.003974,0.002614,0.003311,0.001909,906,"Brazil","Rio Grande do Sul","BRA","BRA","BRA.21_1","20200928","success"
"152",0.011439,0.003839,0.011186,0.003517,894,"Brazil","Rio Grande do Sul","BRA","BRA","BRA.21_1","20200929","success"
"153",0.009107,0.004589,0.005568,0.002483,898,"Brazil","Rio Grande do Sul","BRA","BRA","BRA.21_1","20200930","success"
"154",0.009383,0.003181,0.012626,0.003967,792,"Brazil","Rio Grande do Sul","BRA","BRA","BRA.21_1","20201001","success"
"155",0.010545,0.003834,0.01087,0.003603,828,"Brazil","Rio Grande do Sul","BRA","BRA","BRA.21_1","20201002","success"
"156",0.012932,0.005053,0.010502,0.003482,857,"Brazil","Rio Grande do Sul","BRA","BRA","BRA.21_1","20201003","success"
"157",0.002865,0.002038,0.002134,0.001508,937,"Brazil","Rio Grande do Sul","BRA","BRA","BRA.21_1","20201004","success"
"158",0.011611,0.004801,0.010417,0.003454,864,"Brazil","Rio Grande do Sul","BRA","BRA","BRA.21_1","20201005","success"
"159",0.008292,0.003427,0.008149,0.003067,859,"Brazil","Rio Grande do Sul","BRA","BRA","BRA.21_1","20201006","success"
"160",0.007025,0.0039,0.004843,0.002415,826,"Brazil","Rio Grande do Sul","BRA","BRA","BRA.21_1","20201007","success"
"161",0.003477,0.002721,0.00235,0.00166,851,"Brazil","Rio Grande do Sul","BRA","BRA","BRA.21_1","20201008","success"
"162",0.007367,0.004066,0.005571,0.002778,718,"Brazil","Rio Grande do Sul","BRA","BRA","BRA.21_1","20201009","success"
"163",0.008967,0.004659,0.006319,0.00315,633,"Brazil","Rio Grande do Sul","BRA","BRA","BRA.21_1","20201010","success"
"164",0.010804,0.004119,0.012442,0.004371,643,"Brazil","Rio Grande do Sul","BRA","BRA","BRA.21_1","20201011","success"
"165",0.003521,0.003513,0.001529,0.001528,654,"Brazil","Rio Grande do Sul","BRA","BRA","BRA.21_1","20201012","success"
"166",0.002875,0.001666,0.003841,0.002213,781,"Brazil","Rio Grande do Sul","BRA","BRA","BRA.21_1","20201013","success"
"167",0.005267,0.002877,0.007321,0.003262,683,"Brazil","Rio Grande do Sul","BRA","BRA","BRA.21_1","20201014","success"
"168",0.010747,0.00562,0.007364,0.003281,679,"Brazil","Rio Grande do Sul","BRA","BRA","BRA.21_1","20201015","success"
"169",0.011688,0.004283,0.013817,0.004851,579,"Brazil","Rio Grande do Sul","BRA","BRA","BRA.21_1","20201016","success"
"170",0.011191,0.004703,0.011864,0.004458,590,"Brazil","Rio Grande do Sul","BRA","BRA","BRA.21_1","20201017","success"
"171",0.008975,0.003976,0.010327,0.004194,581,"Brazil","Rio Grande do Sul","BRA","BRA","BRA.21_1","20201018","success"
"172",0.004636,0.002376,0.005997,0.002989,667,"Brazil","Rio Grande do Sul","BRA","BRA","BRA.21_1","20201019","success"
"173",0.004498,0.002623,0.004724,0.002721,635,"Brazil","Rio Grande do Sul","BRA","BRA","BRA.21_1","20201020","success"
"174",0.009673,0.004394,0.00939,0.003815,639,"Brazil","Rio Grande do Sul","BRA","BRA","BRA.21_1","20201021","success"
"175",0.020085,0.007977,0.014109,0.004953,567,"Brazil","Rio Grande do Sul","BRA","BRA","BRA.21_1","20201022","success"
"176",0.012708,0.005097,0.012727,0.00478,550,"Brazil","Rio Grande do Sul","BRA","BRA","BRA.21_1","20201023","success"
"177",0.007218,0.003626,0.007663,0.003817,522,"Brazil","Rio Grande do Sul","BRA","BRA","BRA.21_1","20201024","success"
"178",0.014358,0.007002,0.010118,0.00411,593,"Brazil","Rio Grande do Sul","BRA","BRA","BRA.21_1","20201025","success"
"179",0.003594,0.00359,0.003597,0.003591,278,"Brazil","Rio Grande do Sul","BRA","BRA","BRA.21_1","20201026","success"
"180",0.007074,0.002916,0.01178,0.003904,764,"Brazil","Rio Grande do Sul","BRA","BRA","BRA.21_1","20201027","success"
"181",0.008852,0.004014,0.008403,0.003416,714,"Brazil","Rio Grande do Sul","BRA","BRA","BRA.21_1","20201028","success"
"182",0.007662,0.004173,0.00703,0.003503,569,"Brazil","Rio Grande do Sul","BRA","BRA","BRA.21_1","20201029","success"
"183",0.006375,0.003108,0.008897,0.003961,562,"Brazil","Rio Grande do Sul","BRA","BRA","BRA.21_1","20201030","success"
"184",0.012316,0.004996,0.014599,0.005124,548,"Brazil","Rio Grande do Sul","BRA","BRA","BRA.21_1","20201031","success"
"185",0.013445,0.005916,0.011111,0.004176,630,"Brazil","Rio Grande do Sul","BRA","BRA","BRA.21_1","20201101","success"
"186",0.008065,0.004834,0.006557,0.003268,610,"Brazil","Rio Grande do Sul","BRA","BRA","BRA.21_1","20201102","success"
"187",0.01307,0.005661,0.011364,0.004271,616,"Brazil","Rio Grande do Sul","BRA","BRA","BRA.21_1","20201103","success"
"188",0.014316,0.007167,0.009416,0.004191,531,"Brazil","Rio Grande do Sul","BRA","BRA","BRA.21_1","20201104","success"
"189",0.007914,0.003321,0.01085,0.004405,553,"Brazil","Rio Grande do Sul","BRA","BRA","BRA.21_1","20201105","success"
"190",0.015957,0.006862,0.01559,0.005846,449,"Brazil","Rio Grande do Sul","BRA","BRA","BRA.21_1","20201106","success"
"191",0.011633,0.004952,0.01559,0.005846,449,"Brazil","Rio Grande do Sul","BRA","BRA","BRA.21_1","20201107","success"
"192",0.012731,0.005051,0.017021,0.005966,470,"Brazil","Rio Grande do Sul","BRA","BRA","BRA.21_1","20201108","success"
"193",0.016896,0.009457,0.008032,0.004,498,"Brazil","Rio Grande do Sul","BRA","BRA","BRA.21_1","20201109","success"
"194",0.017377,0.007798,0.012605,0.005113,476,"Brazil","Rio Grande do Sul","BRA","BRA","BRA.21_1","20201110","success"
"195",0.007168,0.004281,0.005837,0.00336,514,"Brazil","Rio Grande do Sul","BRA","BRA","BRA.21_1","20201111","success"
"196",0.01153,0.004475,0.016706,0.006261,419,"Brazil","Rio Grande do Sul","BRA","BRA","BRA.21_1","20201112","success"
"197",0.013986,0.007464,0.01005,0.005,398,"Brazil","Rio Grande do Sul","BRA","BRA","BRA.21_1","20201113","success"
"198",0.003747,0.002344,0.007059,0.004061,425,"Brazil","Rio Grande do Sul","BRA","BRA","BRA.21_1","20201114","success"
"199",0.015183,0.005748,0.017467,0.006121,458,"Brazil","Rio Grande do Sul","BRA","BRA","BRA.21_1","20201115","success"
"200",0.021406,0.012816,0.012376,0.0055,404,"Brazil","Rio Grande do Sul","BRA","BRA","BRA.21_1","20201116","success"
"201",0.014879,0.005585,0.018605,0.006516,430,"Brazil","Rio Grande do Sul","BRA","BRA","BRA.21_1","20201117","success"
"202",0.015015,0.005354,0.0192,0.005489,625,"Brazil","Rio Grande do Sul","BRA","BRA","BRA.21_1","20201118","success"
"203",0.014357,0.005624,0.017241,0.005405,580,"Brazil","Rio Grande do Sul","BRA","BRA","BRA.21_1","20201119","success"
"204",0.011829,0.004403,0.011478,0.004035,697,"Brazil","Rio Grande do Sul","BRA","BRA","BRA.21_1","20201120","success"
"205",0.018624,0.006097,0.01875,0.005362,640,"Brazil","Rio Grande do Sul","BRA","BRA","BRA.21_1","20201121","success"
"206",0.003993,0.002221,0.005882,0.002933,680,"Brazil","Rio Grande do Sul","BRA","BRA","BRA.21_1","20201122","success"
"207",0.011773,0.003761,0.01511,0.004521,728,"Brazil","Rio Grande do Sul","BRA","BRA","BRA.21_1","20201123","success"
"208",0.01156,0.004387,0.010013,0.003522,799,"Brazil","Rio Grande do Sul","BRA","BRA","BRA.21_1","20201124","success"
"209",0.00914,0.002977,0.012484,0.003923,801,"Brazil","Rio Grande do Sul","BRA","BRA","BRA.21_1","20201125","success"
"210",0.012012,0.004252,0.011873,0.003934,758,"Brazil","Rio Grande do Sul","BRA","BRA","BRA.21_1","20201126","success"
"211",0.016032,0.004777,0.016151,0.004625,743,"Brazil","Rio Grande do Sul","BRA","BRA","BRA.21_1","20201127","success"
"212",0.017101,0.004793,0.016556,0.004239,906,"Brazil","Rio Grande do Sul","BRA","BRA","BRA.21_1","20201128","success"
"213",0.015784,0.004705,0.016497,0.004538,788,"Brazil","Rio Grande do Sul","BRA","BRA","BRA.21_1","20201129","success"
"214",0.012598,0.004547,0.010551,0.003498,853,"Brazil","Rio Grande do Sul","BRA","BRA","BRA.21_1","20201130","success"
"215",0.010089,0.003548,0.011561,0.003635,865,"Brazil","Rio Grande do Sul","BRA","BRA","BRA.21_1","20201201","success"
"216",0.008982,0.002829,0.013319,0.003819,901,"Brazil","Rio Grande do Sul","BRA","BRA","BRA.21_1","20201202","success"
"217",0.015716,0.00459,0.018359,0.004412,926,"Brazil","Rio Grande do Sul","BRA","BRA","BRA.21_1","20201203","success"
"218",0.016499,0.004808,0.017182,0.004398,873,"Brazil","Rio Grande do Sul","BRA","BRA","BRA.21_1","20201204","success"
"219",0.020803,0.006689,0.017957,0.004449,891,"Brazil","Rio Grande do Sul","BRA","BRA","BRA.21_1","20201205","success"
"220",0.010214,0.003304,0.010763,0.003228,1022,"Brazil","Rio Grande do Sul","BRA","BRA","BRA.21_1","20201206","success"
"221",0.013819,0.004277,0.013,0.003582,1000,"Brazil","Rio Grande do Sul","BRA","BRA","BRA.21_1","20201207","success"
"222",0.009478,0.003443,0.00989,0.00328,910,"Brazil","Rio Grande do Sul","BRA","BRA","BRA.21_1","20201208","success"
"223",0.013887,0.004521,0.014014,0.003719,999,"Brazil","Rio Grande do Sul","BRA","BRA","BRA.21_1","20201209","success"
"224",0.014035,0.00446,0.013683,0.003923,877,"Brazil","Rio Grande do Sul","BRA","BRA","BRA.21_1","20201210","success"
"225",0.013435,0.004271,0.014706,0.004214,816,"Brazil","Rio Grande do Sul","BRA","BRA","BRA.21_1","20201211","success"
"226",0.015741,0.004637,0.014739,0.004058,882,"Brazil","Rio Grande do Sul","BRA","BRA","BRA.21_1","20201212","success"
"227",0.007061,0.003108,0.006316,0.00257,950,"Brazil","Rio Grande do Sul","BRA","BRA","BRA.21_1","20201213","success"
"228",0.006681,0.002191,0.00756,0.002271,1455,"Brazil","Rio Grande do Sul","BRA","BRA","BRA.21_1","20201214","success"
"229",0.009157,0.003326,0.008084,0.002546,1237,"Brazil","Rio Grande do Sul","BRA","BRA","BRA.21_1","20201215","success"
"230",0.01166,0.003559,0.011691,0.003223,1112,"Brazil","Rio Grande do Sul","BRA","BRA","BRA.21_1","20201216","success"
"231",0.006575,0.002516,0.008316,0.002928,962,"Brazil","Rio Grande do Sul","BRA","BRA","BRA.21_1","20201217","success"
"232",0.008576,0.003198,0.008556,0.003012,935,"Brazil","Rio Grande do Sul","BRA","BRA","BRA.21_1","20201218","success"
"233",0.007911,0.00359,0.006494,0.002642,924,"Brazil","Rio Grande do Sul","BRA","BRA","BRA.21_1","20201219","success"
"234",0.017666,0.004835,0.015094,0.003745,1060,"Brazil","Rio Grande do Sul","BRA","BRA","BRA.21_1","20201220","success"
"235",0.00789,0.003482,0.007526,0.002651,1063,"Brazil","Rio Grande do Sul","BRA","BRA","BRA.21_1","20201221","success"
"236",0.013266,0.00371,0.014939,0.003707,1071,"Brazil","Rio Grande do Sul","BRA","BRA","BRA.21_1","20201222","success"
"237",0.008469,0.002897,0.010496,0.003148,1048,"Brazil","Rio Grande do Sul","BRA","BRA","BRA.21_1","20201223","success"
"238",0.013065,0.005637,0.007752,0.002919,903,"Brazil","Rio Grande do Sul","BRA","BRA","BRA.21_1","20201224","success"
"239",0.009051,0.003016,0.011038,0.003471,906,"Brazil","Rio Grande do Sul","BRA","BRA","BRA.21_1","20201225","success"
"240",0.006661,0.00298,0.005556,0.002262,1080,"Brazil","Rio Grande do Sul","BRA","BRA","BRA.21_1","20201226","success"
"241",0.010695,0.004643,0.005141,0.002094,1167,"Brazil","Rio Grande do Sul","BRA","BRA","BRA.21_1","20201227","success"
"242",0.009423,0.003283,0.007745,0.002572,1162,"Brazil","Rio Grande do Sul","BRA","BRA","BRA.21_1","20201228","success"
"243",0.0056,0.002094,0.007086,0.002496,1129,"Brazil","Rio Grande do Sul","BRA","BRA","BRA.21_1","20201229","success"
"244",0.007663,0.00264,0.009285,0.002923,1077,"Brazil","Rio Grande do Sul","BRA","BRA","BRA.21_1","20201230","success"
"245",0.034402,0.018776,0.015608,0.004139,897,"Brazil","Rio Grande do Sul","BRA","BRA","BRA.21_1","20201231","success"
"246",0.010669,0.004351,0.007605,0.002678,1052,"Brazil","Rio Grande do Sul","BRA","BRA","BRA.21_1","20210101","success"
"247",0.006218,0.002702,0.007958,0.002642,1131,"Brazil","Rio Grande do Sul","BRA","BRA","BRA.21_1","20210102","success"
"248",0.01176,0.004165,0.00854,0.002689,1171,"Brazil","Rio Grande do Sul","BRA","BRA","BRA.21_1","20210103","success"
"249",0.013928,0.003618,0.013934,0.003356,1220,"Brazil","Rio Grande do Sul","BRA","BRA","BRA.21_1","20210104","success"
"250",0.006981,0.002819,0.006289,0.002217,1272,"Brazil","Rio Grande do Sul","BRA","BRA","BRA.21_1","20210105","success"
"251",0.015926,0.006058,0.008496,0.002675,1177,"Brazil","Rio Grande do Sul","BRA","BRA","BRA.21_1","20210106","success"
"252",0.011541,0.005508,0.008993,0.002831,1112,"Brazil","Rio Grande do Sul","BRA","BRA","BRA.21_1","20210107","success"
"253",0.014597,0.005216,0.009928,0.002978,1108,"Brazil","Rio Grande do Sul","BRA","BRA","BRA.21_1","20210108","success"
"254",0.01241,0.003996,0.011976,0.003436,1002,"Brazil","Rio Grande do Sul","BRA","BRA","BRA.21_1","20210109","success"
"255",0.011978,0.004372,0.010309,0.003092,1067,"Brazil","Rio Grande do Sul","BRA","BRA","BRA.21_1","20210110","success"
"256",0.00895,0.003803,0.006217,0.002342,1126,"Brazil","Rio Grande do Sul","BRA","BRA","BRA.21_1","20210111","success"
"257",0.005986,0.002292,0.007656,0.002696,1045,"Brazil","Rio Grande do Sul","BRA","BRA","BRA.21_1","20210112","success"
"258",0.012809,0.003958,0.011786,0.00325,1103,"Brazil","Rio Grande do Sul","BRA","BRA","BRA.21_1","20210113","success"
"259",0.0143,0.004697,0.011594,0.003327,1035,"Brazil","Rio Grande do Sul","BRA","BRA","BRA.21_1","20210114","success"
"260",0.009672,0.003739,0.008079,0.002682,1114,"Brazil","Rio Grande do Sul","BRA","BRA","BRA.21_1","20210115","success"
"261",0.013016,0.003937,0.011396,0.003271,1053,"Brazil","Rio Grande do Sul","BRA","BRA","BRA.21_1","20210116","success"
"262",0.00848,0.002805,0.008787,0.002767,1138,"Brazil","Rio Grande do Sul","BRA","BRA","BRA.21_1","20210117","success"
"263",0.009959,0.004445,0.007902,0.002623,1139,"Brazil","Rio Grande do Sul","BRA","BRA","BRA.21_1","20210118","success"
"264",0.011452,0.003416,0.011829,0.003261,1099,"Brazil","Rio Grande do Sul","BRA","BRA","BRA.21_1","20210119","success"
"265",0.008236,0.003016,0.007576,0.002668,1056,"Brazil","Rio Grande do Sul","BRA","BRA","BRA.21_1","20210120","success"
"266",0.009155,0.003334,0.009269,0.003075,971,"Brazil","Rio Grande do Sul","BRA","BRA","BRA.21_1","20210121","success"
"267",0.016026,0.005836,0.013001,0.003729,923,"Brazil","Rio Grande do Sul","BRA","BRA","BRA.21_1","20210122","success"
"268",0.009072,0.003254,0.009804,0.003252,918,"Brazil","Rio Grande do Sul","BRA","BRA","BRA.21_1","20210123","success"
"269",0.016534,0.006586,0.008493,0.00299,942,"Brazil","Rio Grande do Sul","BRA","BRA","BRA.21_1","20210124","success"
"270",0.007478,0.003159,0.006849,0.00258,1022,"Brazil","Rio Grande do Sul","BRA","BRA","BRA.21_1","20210125","success"
"271",0.012649,0.00544,0.007172,0.002701,976,"Brazil","Rio Grande do Sul","BRA","BRA","BRA.21_1","20210126","success"
"272",0.01116,0.003868,0.010235,0.00322,977,"Brazil","Rio Grande do Sul","BRA","BRA","BRA.21_1","20210127","success"
"273",0.005821,0.002637,0.005814,0.002593,860,"Brazil","Rio Grande do Sul","BRA","BRA","BRA.21_1","20210128","success"
"274",0.003832,0.002446,0.004065,0.002342,738,"Brazil","Rio Grande do Sul","BRA","BRA","BRA.21_1","20210129","success"
"275",0.012057,0.005423,0.013547,0.004057,812,"Brazil","Rio Grande do Sul","BRA","BRA","BRA.21_1","20210130","success"
"276",0.010293,0.005099,0.00813,0.00306,861,"Brazil","Rio Grande do Sul","BRA","BRA","BRA.21_1","20210131","success"
"277",0.009161,0.007079,0.004405,0.002538,681,"Brazil","Rio Grande do Sul","BRA","BRA","BRA.21_1","20210201","success"
"278",0.023496,0.01163,0.011299,0.004587,531,"Brazil","Rio Grande do Sul","BRA","BRA","BRA.21_1","20210202","success"
"279",0.007937,0.003124,0.007726,0.002909,906,"Brazil","Rio Grande do Sul","BRA","BRA","BRA.21_1","20210203","success"
"280",0.02052,0.006349,0.017639,0.004849,737,"Brazil","Rio Grande do Sul","BRA","BRA","BRA.21_1","20210204","success"
"281",0.024539,0.0077,0.017391,0.004977,690,"Brazil","Rio Grande do Sul","BRA","BRA","BRA.21_1","20210205","success"
"282",0.015203,0.005943,0.014905,0.00446,738,"Brazil","Rio Grande do Sul","BRA","BRA","BRA.21_1","20210206","success"
"283",0.002768,0.001957,0.002899,0.002047,690,"Brazil","Rio Grande do Sul","BRA","BRA","BRA.21_1","20210207","success"
"284",0.028604,0.007315,0.026582,0.005723,790,"Brazil","Rio Grande do Sul","BRA","BRA","BRA.21_1","20210208","success"
"285",0.01492,0.005627,0.012587,0.004169,715,"Brazil","Rio Grande do Sul","BRA","BRA","BRA.21_1","20210209","success"
"286",0.006982,0.003334,0.006702,0.002987,746,"Brazil","Rio Grande do Sul","BRA","BRA","BRA.21_1","20210210","success"
"287",0.025291,0.007543,0.019817,0.005442,656,"Brazil","Rio Grande do Sul","BRA","BRA","BRA.21_1","20210211","success"
"288",0.017019,0.004853,0.015889,0.003941,1007,"Brazil","Rio Grande do Sul","BRA","BRA","BRA.21_1","20210212","success"
"289",0.006615,0.002802,0.007435,0.003024,807,"Brazil","Rio Grande do Sul","BRA","BRA","BRA.21_1","20210213","success"
"290",0.024712,0.006464,0.02474,0.005605,768,"Brazil","Rio Grande do Sul","BRA","BRA","BRA.21_1","20210214","success"
"291",0.022591,0.006441,0.01956,0.004842,818,"Brazil","Rio Grande do Sul","BRA","BRA","BRA.21_1","20210215","success"
"292",0.023103,0.008321,0.014354,0.004114,836,"Brazil","Rio Grande do Sul","BRA","BRA","BRA.21_1","20210216","success"
"293",0.024269,0.010013,0.016037,0.004251,873,"Brazil","Rio Grande do Sul","BRA","BRA","BRA.21_1","20210217","success"
"294",0.018335,0.005223,0.019837,0.004763,857,"Brazil","Rio Grande do Sul","BRA","BRA","BRA.21_1","20210218","success"
"295",0.015373,0.004647,0.015856,0.004061,946,"Brazil","Rio Grande do Sul","BRA","BRA","BRA.21_1","20210219","success"
"296",0.014636,0.004351,0.0143,0.003794,979,"Brazil","Rio Grande do Sul","BRA","BRA","BRA.21_1","20210220","success"
"297",0.029871,0.00684,0.025093,0.004768,1076,"Brazil","Rio Grande do Sul","BRA","BRA","BRA.21_1","20210221","success"
"298",0.013311,0.003841,0.014205,0.003641,1056,"Brazil","Rio Grande do Sul","BRA","BRA","BRA.21_1","20210222","success"
"299",0.018959,0.004571,0.019315,0.004078,1139,"Brazil","Rio Grande do Sul","BRA","BRA","BRA.21_1","20210223","success"
"300",0.017776,0.00424,0.018416,0.00408,1086,"Brazil","Rio Grande do Sul","BRA","BRA","BRA.21_1","20210224","success"
"301",0.01278,0.003552,0.013605,0.003378,1176,"Brazil","Rio Grande do Sul","BRA","BRA","BRA.21_1","20210225","success"
"302",0.014688,0.004044,0.016667,0.003696,1200,"Brazil","Rio Grande do Sul","BRA","BRA","BRA.21_1","20210226","success"
"303",0.020623,0.005034,0.021344,0.004064,1265,"Brazil","Rio Grande do Sul","BRA","BRA","BRA.21_1","20210227","success"
"304",0.03167,0.006351,0.026335,0.004331,1367,"Brazil","Rio Grande do Sul","BRA","BRA","BRA.21_1","20210228","success"
"305",0.031552,0.006025,0.030111,0.004811,1262,"Brazil","Rio Grande do Sul","BRA","BRA","BRA.21_1","20210301","success"
"306",0.02052,0.004291,0.0224,0.004186,1250,"Brazil","Rio Grande do Sul","BRA","BRA","BRA.21_1","20210302","success"
"307",0.025589,0.007377,0.019858,0.003715,1410,"Brazil","Rio Grande do Sul","BRA","BRA","BRA.21_1","20210303","success"
"308",0.030108,0.005411,0.028787,0.004378,1459,"Brazil","Rio Grande do Sul","BRA","BRA","BRA.21_1","20210304","success"
"309",0.024173,0.00429,0.026447,0.00429,1399,"Brazil","Rio Grande do Sul","BRA","BRA","BRA.21_1","20210305","success"
"310",0.025484,0.006676,0.018815,0.003587,1435,"Brazil","Rio Grande do Sul","BRA","BRA","BRA.21_1","20210306","success"
"311",0.021681,0.004887,0.02028,0.003727,1430,"Brazil","Rio Grande do Sul","BRA","BRA","BRA.21_1","20210307","success"
"312",0.022248,0.005859,0.019722,0.003758,1369,"Brazil","Rio Grande do Sul","BRA","BRA","BRA.21_1","20210308","success"
"313",0.028054,0.007334,0.021505,0.003884,1395,"Brazil","Rio Grande do Sul","BRA","BRA","BRA.21_1","20210309","success"
"314",0.02073,0.004608,0.019203,0.00366,1406,"Brazil","Rio Grande do Sul","BRA","BRA","BRA.21_1","20210310","success"
"315",0.016013,0.004436,0.014493,0.003301,1311,"Brazil","Rio Grande do Sul","BRA","BRA","BRA.21_1","20210311","success"
"316",0.022953,0.006744,0.021087,0.004092,1233,"Brazil","Rio Grande do Sul","BRA","BRA","BRA.21_1","20210312","success"
"317",0.018172,0.003885,0.020108,0.003904,1293,"Brazil","Rio Grande do Sul","BRA","BRA","BRA.21_1","20210313","success"
"318",0.019237,0.003976,0.019466,0.00371,1387,"Brazil","Rio Grande do Sul","BRA","BRA","BRA.21_1","20210314","success"
"319",0.008725,0.002721,0.009072,0.002505,1433,"Brazil","Rio Grande do Sul","BRA","BRA","BRA.21_1","20210315","success"
"320",0.020394,0.00474,0.015957,0.003231,1504,"Brazil","Rio Grande do Sul","BRA","BRA","BRA.21_1","20210316","success"
"321",0.011194,0.003068,0.010519,0.002702,1426,"Brazil","Rio Grande do Sul","BRA","BRA","BRA.21_1","20210317","success"
"322",0.01131,0.002799,0.012354,0.002894,1457,"Brazil","Rio Grande do Sul","BRA","BRA","BRA.21_1","20210318","success"
"323",0.012711,0.004044,0.010699,0.002748,1402,"Brazil","Rio Grande do Sul","BRA","BRA","BRA.21_1","20210319","success"
"324",0.018149,0.004058,0.017483,0.003466,1430,"Brazil","Rio Grande do Sul","BRA","BRA","BRA.21_1","20210320","success"
"325",0.015537,0.003435,0.016347,0.003381,1407,"Brazil","Rio Grande do Sul","BRA","BRA","BRA.21_1","20210321","success"
"326",0.017662,0.004308,0.014936,0.003235,1406,"Brazil","Rio Grande do Sul","BRA","BRA","BRA.21_1","20210322","success"
"327",0.026131,0.008518,0.020753,0.003952,1301,"Brazil","Rio Grande do Sul","BRA","BRA","BRA.21_1","20210323","success"
"328",0.015302,0.003524,0.01728,0.003572,1331,"Brazil","Rio Grande do Sul","BRA","BRA","BRA.21_1","20210324","success"
"329",0.01425,0.004339,0.012966,0.00322,1234,"Brazil","Rio Grande do Sul","BRA","BRA","BRA.21_1","20210325","success"
"330",0.010677,0.003474,0.009238,0.002654,1299,"Brazil","Rio Grande do Sul","BRA","BRA","BRA.21_1","20210326","success"
"331",0.013016,0.004115,0.012058,0.003095,1244,"Brazil","Rio Grande do Sul","BRA","BRA","BRA.21_1","20210327","success"
"332",0.020097,0.0051,0.016406,0.003469,1341,"Brazil","Rio Grande do Sul","BRA","BRA","BRA.21_1","20210328","success"
"333",0.012188,0.004004,0.011839,0.003039,1267,"Brazil","Rio Grande do Sul","BRA","BRA","BRA.21_1","20210329","success"
"334",0.011292,0.003231,0.011745,0.00312,1192,"Brazil","Rio Grande do Sul","BRA","BRA","BRA.21_1","20210330","success"
"335",0.011735,0.003599,0.012444,0.003305,1125,"Brazil","Rio Grande do Sul","BRA","BRA","BRA.21_1","20210331","success"
"336",0.013011,0.004019,0.01317,0.003497,1063,"Brazil","Rio Grande do Sul","BRA","BRA","BRA.21_1","20210401","success"
"337",0.01079,0.003904,0.009208,0.002898,1086,"Brazil","Rio Grande do Sul","BRA","BRA","BRA.21_1","20210402","success"
"338",0.010023,0.004084,0.007306,0.002574,1095,"Brazil","Rio Grande do Sul","BRA","BRA","BRA.21_1","20210403","success"
"339",0.01434,0.004373,0.013384,0.003553,1046,"Brazil","Rio Grande do Sul","BRA","BRA","BRA.21_1","20210404","success"
"340",0.010311,0.003231,0.010187,0.002926,1178,"Brazil","Rio Grande do Sul","BRA","BRA","BRA.21_1","20210405","success"
"341",0.012923,0.003953,0.010638,0.002935,1222,"Brazil","Rio Grande do Sul","BRA","BRA","BRA.21_1","20210406","success"
"342",0.026121,0.00674,0.020548,0.004151,1168,"Brazil","Rio Grande do Sul","BRA","BRA","BRA.21_1","20210407","success"
"343",0.010785,0.003525,0.009991,0.002997,1101,"Brazil","Rio Grande do Sul","BRA","BRA","BRA.21_1","20210408","success"
"344",0.011667,0.004056,0.009823,0.003091,1018,"Brazil","Rio Grande do Sul","BRA","BRA","BRA.21_1","20210409","success"
"345",0.009368,0.002916,0.009991,0.002997,1101,"Brazil","Rio Grande do Sul","BRA","BRA","BRA.21_1","20210410","success"
"346",0.006511,0.002487,0.007526,0.002651,1063,"Brazil","Rio Grande do Sul","BRA","BRA","BRA.21_1","20210411","success"
"347",0.006604,0.002559,0.007805,0.002749,1025,"Brazil","Rio Grande do Sul","BRA","BRA","BRA.21_1","20210412","success"
"348",0.01376,0.006652,0.008396,0.002787,1072,"Brazil","Rio Grande do Sul","BRA","BRA","BRA.21_1","20210413","success"
"349",0.013035,0.003628,0.013889,0.003561,1080,"Brazil","Rio Grande do Sul","BRA","BRA","BRA.21_1","20210414","success"
"350",0.011551,0.004249,0.012121,0.003478,990,"Brazil","Rio Grande do Sul","BRA","BRA","BRA.21_1","20210415","success"
"351",0.013247,0.004638,0.011862,0.003729,843,"Brazil","Rio Grande do Sul","BRA","BRA","BRA.21_1","20210416","success"
"352",0.012081,0.004074,0.012448,0.003571,964,"Brazil","Rio Grande do Sul","BRA","BRA","BRA.21_1","20210417","success"
"353",0.012031,0.004421,0.009027,0.002995,997,"Brazil","Rio Grande do Sul","BRA","BRA","BRA.21_1","20210418","success"
"354",0.010048,0.003374,0.009804,0.003085,1020,"Brazil","Rio Grande do Sul","BRA","BRA","BRA.21_1","20210419","success"
"355",0.007548,0.002451,0.012075,0.003619,911,"Brazil","Rio Grande do Sul","BRA","BRA","BRA.21_1","20210420","success"
"356",0.010543,0.003846,0.010537,0.003315,949,"Brazil","Rio Grande do Sul","BRA","BRA","BRA.21_1","20210421","success"
"357",0.018183,0.004837,0.016016,0.003972,999,"Brazil","Rio Grande do Sul","BRA","BRA","BRA.21_1","20210422","success"
"358",0.010189,0.00352,0.010429,0.003458,863,"Brazil","Rio Grande do Sul","BRA","BRA","BRA.21_1","20210423","success"
"359",0.008027,0.00368,0.006961,0.002832,862,"Brazil","Rio Grande do Sul","BRA","BRA","BRA.21_1","20210424","success"
"360",0.01105,0.004039,0.010011,0.00332,899,"Brazil","Rio Grande do Sul","BRA","BRA","BRA.21_1","20210425","success"
"361",0.009515,0.00323,0.012346,0.003542,972,"Brazil","Rio Grande do Sul","BRA","BRA","BRA.21_1","20210426","success"
"362",0.012735,0.00485,0.010846,0.003411,922,"Brazil","Rio Grande do Sul","BRA","BRA","BRA.21_1","20210427","success"
"363",0.016596,0.00448,0.017719,0.00439,903,"Brazil","Rio Grande do Sul","BRA","BRA","BRA.21_1","20210428","success"
"364",0.002994,0.001898,0.003326,0.001917,902,"Brazil","Rio Grande do Sul","BRA","BRA","BRA.21_1","20210429","success"
"365",0.014024,0.004961,0.01224,0.003847,817,"Brazil","Rio Grande do Sul","BRA","BRA","BRA.21_1","20210430","success"
"366",0.004825,0.002954,0.003452,0.00199,869,"Brazil","Rio Grande do Sul","BRA","BRA","BRA.21_1","20210501","success"
"367",0.013187,0.004202,0.013559,0.003888,885,"Brazil","Rio Grande do Sul","BRA","BRA","BRA.21_1","20210502","success"
"368",0.018789,0.006045,0.01845,0.00472,813,"Brazil","Rio Grande do Sul","BRA","BRA","BRA.21_1","20210503","success"
"369",0.015072,0.004686,0.015971,0.004394,814,"Brazil","Rio Grande do Sul","BRA","BRA","BRA.21_1","20210504","success"
"370",0.009921,0.003312,0.010941,0.003441,914,"Brazil","Rio Grande do Sul","BRA","BRA","BRA.21_1","20210505","success"
"371",0.010415,0.004148,0.009685,0.003408,826,"Brazil","Rio Grande do Sul","BRA","BRA","BRA.21_1","20210506","success"
"372",0.010366,0.003799,0.01039,0.003654,770,"Brazil","Rio Grande do Sul","BRA","BRA","BRA.21_1","20210507","success"
"373",0.010749,0.003619,0.012723,0.003998,786,"Brazil","Rio Grande do Sul","BRA","BRA","BRA.21_1","20210508","success"
"374",0.009355,0.004362,0.008208,0.003337,731,"Brazil","Rio Grande do Sul","BRA","BRA","BRA.21_1","20210509","success"
"375",0.012298,0.004148,0.011099,0.00349,901,"Brazil","Rio Grande do Sul","BRA","BRA","BRA.21_1","20210510","success"
"376",0.006103,0.002771,0.005708,0.002545,876,"Brazil","Rio Grande do Sul","BRA","BRA","BRA.21_1","20210511","success"
"377",0.010663,0.004136,0.009639,0.003391,830,"Brazil","Rio Grande do Sul","BRA","BRA","BRA.21_1","20210512","success"
"378",0.014501,0.004536,0.014581,0.004178,823,"Brazil","Rio Grande do Sul","BRA","BRA","BRA.21_1","20210513","success"
"379",0.015907,0.005182,0.01451,0.004158,827,"Brazil","Rio Grande do Sul","BRA","BRA","BRA.21_1","20210514","success"
"380",0.022301,0.006444,0.017654,0.004677,793,"Brazil","Rio Grande do Sul","BRA","BRA","BRA.21_1","20210515","success"
"381",0.011669,0.003657,0.015642,0.004148,895,"Brazil","Rio Grande do Sul","BRA","BRA","BRA.21_1","20210516","success"
"382",0.015045,0.004585,0.013777,0.00395,871,"Brazil","Rio Grande do Sul","BRA","BRA","BRA.21_1","20210517","success"
"383",0.013386,0.004279,0.012263,0.003675,897,"Brazil","Rio Grande do Sul","BRA","BRA","BRA.21_1","20210518","success"
"384",0.017129,0.006761,0.013317,0.003988,826,"Brazil","Rio Grande do Sul","BRA","BRA","BRA.21_1","20210519","success"
"385",NA,NA,NA,NA,NA,"Brazil","Rio Grande do Sul","BRA","BRA","BRA.21_1","20210520","success"
"386",NA,NA,NA,NA,NA,"Brazil","Rio Grande do Sul","BRA","BRA","BRA.21_1","20210521","success"
"387",NA,NA,NA,NA,NA,"Brazil","Rio Grande do Sul","BRA","BRA","BRA.21_1","20210522","success"
"388",NA,NA,NA,NA,NA,"Brazil","Rio Grande do Sul","BRA","BRA","BRA.21_1","20210523","success"
"389",NA,NA,NA,NA,NA,"Brazil","Rio Grande do Sul","BRA","BRA","BRA.21_1","20210524","success"
"390",NA,NA,NA,NA,NA,"Brazil","Rio Grande do Sul","BRA","BRA","BRA.21_1","20210525","success"
"391",NA,NA,NA,NA,NA,"Brazil","Rio Grande do Sul","BRA","BRA","BRA.21_1","20210526","success"
"392",NA,NA,NA,NA,NA,"Brazil","Rio Grande do Sul","BRA","BRA","BRA.21_1","20210527","success"
"393",NA,NA,NA,NA,NA,"Brazil","Rio Grande do Sul","BRA","BRA","BRA.21_1","20210528","success"
"394",NA,NA,NA,NA,NA,"Brazil","Rio Grande do Sul","BRA","BRA","BRA.21_1","20210529","success"
"395",NA,NA,NA,NA,NA,"Brazil","Rio Grande do Sul","BRA","BRA","BRA.21_1","20210530","success"
"396",NA,NA,NA,NA,NA,"Brazil","Rio Grande do Sul","BRA","BRA","BRA.21_1","20210531","success"
"397",NA,NA,NA,NA,NA,"Brazil","Rio Grande do Sul","BRA","BRA","BRA.21_1","20210601","success"
"398",NA,NA,NA,NA,NA,"Brazil","Rio Grande do Sul","BRA","BRA","BRA.21_1","20210602","success"
"399",NA,NA,NA,NA,NA,"Brazil","Rio Grande do Sul","BRA","BRA","BRA.21_1","20210603","success"
"400",NA,NA,NA,NA,NA,"Brazil","Rio Grande do Sul","BRA","BRA","BRA.21_1","20210604","success"
"401",NA,NA,NA,NA,NA,"Brazil","Rio Grande do Sul","BRA","BRA","BRA.21_1","20210605","success"
"402",NA,NA,NA,NA,NA,"Brazil","Rio Grande do Sul","BRA","BRA","BRA.21_1","20210606","success"
"403",NA,NA,NA,NA,NA,"Brazil","Rio Grande do Sul","BRA","BRA","BRA.21_1","20210607","success"
"404",0.015719,0.004884,0.014688,0.004209,817,"Brazil","Rio Grande do Sul","BRA","BRA","BRA.21_1","20210608","success"
"405",0.022903,0.009041,0.017639,0.004849,737,"Brazil","Rio Grande do Sul","BRA","BRA","BRA.21_1","20210609","success"
"406",0.012611,0.003945,0.014066,0.004211,782,"Brazil","Rio Grande do Sul","BRA","BRA","BRA.21_1","20210610","success"
"407",0.016057,0.006071,0.01497,0.004698,668,"Brazil","Rio Grande do Sul","BRA","BRA","BRA.21_1","20210611","success"
"408",0.018455,0.005861,0.019017,0.005437,631,"Brazil","Rio Grande do Sul","BRA","BRA","BRA.21_1","20210612","success"
"409",0.010489,0.004504,0.009629,0.003622,727,"Brazil","Rio Grande do Sul","BRA","BRA","BRA.21_1","20210613","success"
"410",0.009815,0.003488,0.011568,0.003834,778,"Brazil","Rio Grande do Sul","BRA","BRA","BRA.21_1","20210614","success"
"411",0.025161,0.010798,0.016753,0.004607,776,"Brazil","Rio Grande do Sul","BRA","BRA","BRA.21_1","20210615","success"
"412",0.020398,0.006526,0.01511,0.004521,728,"Brazil","Rio Grande do Sul","BRA","BRA","BRA.21_1","20210616","success"
"413",0.018277,0.008855,0.015625,0.005167,576,"Brazil","Rio Grande do Sul","BRA","BRA","BRA.21_1","20210617","success"
"414",0.013508,0.006229,0.014706,0.006528,340,"Brazil","Rio Grande do Sul","BRA","BRA","BRA.21_1","20210618","success"
"415",0.035134,0.013026,0.027273,0.008966,330,"Brazil","Rio Grande do Sul","BRA","BRA","BRA.21_1","20210619","success"
"416",0.016659,0.008062,0.018405,0.007444,326,"Brazil","Rio Grande do Sul","BRA","BRA","BRA.21_1","20210620","success"
"417",0.007401,0.007015,0.006711,0.00473,298,"Brazil","Rio Grande do Sul","BRA","BRA","BRA.21_1","20210621","success"
"418",0.000475,0.000476,0.003195,0.00319,313,"Brazil","Rio Grande do Sul","BRA","BRA","BRA.21_1","20210622","success"
"419",0.014149,0.008306,0.012579,0.00625,318,"Brazil","Rio Grande do Sul","BRA","BRA","BRA.21_1","20210623","success"
"420",0.021555,0.013287,0.015625,0.007751,256,"Brazil","Rio Grande do Sul","BRA","BRA","BRA.21_1","20210624","success"
"421",0.009994,0.006043,0.008876,0.005102,338,"Brazil","Rio Grande do Sul","BRA","BRA","BRA.21_1","20210625","success"
"422",0.009123,0.004712,0.008347,0.003717,599,"Brazil","Rio Grande do Sul","BRA","BRA","BRA.21_1","20210626","success"
"423",0.018245,0.005573,0.019697,0.005409,660,"Brazil","Rio Grande do Sul","BRA","BRA","BRA.21_1","20210627","success"
"424",0.008598,0.003272,0.011628,0.004087,688,"Brazil","Rio Grande do Sul","BRA","BRA","BRA.21_1","20210628","success"
"425",0.007791,0.003553,0.010955,0.004118,639,"Brazil","Rio Grande do Sul","BRA","BRA","BRA.21_1","20210629","success"
"426",0.018996,0.006421,0.016556,0.005192,604,"Brazil","Rio Grande do Sul","BRA","BRA","BRA.21_1","20210630","success"
"427",0.015148,0.005377,0.015314,0.004805,653,"Brazil","Rio Grande do Sul","BRA","BRA","BRA.21_1","20210701","success"
"428",0.009355,0.004508,0.008726,0.003885,573,"Brazil","Rio Grande do Sul","BRA","BRA","BRA.21_1","20210702","success"
"429",0.011098,0.004465,0.012367,0.004645,566,"Brazil","Rio Grande do Sul","BRA","BRA","BRA.21_1","20210703","success"
"430",0.017966,0.005989,0.015038,0.004719,665,"Brazil","Rio Grande do Sul","BRA","BRA","BRA.21_1","20210704","success"
"431",0.010833,0.00368,0.013196,0.00437,682,"Brazil","Rio Grande do Sul","BRA","BRA","BRA.21_1","20210705","success"
"432",0.017332,0.005461,0.018154,0.005193,661,"Brazil","Rio Grande do Sul","BRA","BRA","BRA.21_1","20210706","success"
"433",0.017954,0.006466,0.013575,0.004494,663,"Brazil","Rio Grande do Sul","BRA","BRA","BRA.21_1","20210707","success"
"434",0.017942,0.005586,0.018405,0.005264,652,"Brazil","Rio Grande do Sul","BRA","BRA","BRA.21_1","20210708","success"
"435",0.022353,0.007251,0.018576,0.005312,646,"Brazil","Rio Grande do Sul","BRA","BRA","BRA.21_1","20210709","success"
"436",0.006225,0.003,0.007886,0.003513,634,"Brazil","Rio Grande do Sul","BRA","BRA","BRA.21_1","20210710","success"
"437",0.017059,0.005924,0.015873,0.004748,693,"Brazil","Rio Grande do Sul","BRA","BRA","BRA.21_1","20210711","success"
"438",0.01025,0.003825,0.010884,0.003827,735,"Brazil","Rio Grande do Sul","BRA","BRA","BRA.21_1","20210712","success"
"439",0.007831,0.003357,0.009032,0.003398,775,"Brazil","Rio Grande do Sul","BRA","BRA","BRA.21_1","20210713","success"
"440",0.011716,0.005264,0.007926,0.003223,757,"Brazil","Rio Grande do Sul","BRA","BRA","BRA.21_1","20210714","success"
"441",0.015935,0.005786,0.013274,0.004395,678,"Brazil","Rio Grande do Sul","BRA","BRA","BRA.21_1","20210715","success"
"442",0.010224,0.00531,0.008902,0.003618,674,"Brazil","Rio Grande do Sul","BRA","BRA","BRA.21_1","20210716","success"
"443",0.009388,0.004344,0.00939,0.003815,639,"Brazil","Rio Grande do Sul","BRA","BRA","BRA.21_1","20210717","success"
"444",0.016828,0.005594,0.016743,0.005006,657,"Brazil","Rio Grande do Sul","BRA","BRA","BRA.21_1","20210718","success"
"445",0.014175,0.004752,0.013643,0.004285,733,"Brazil","Rio Grande do Sul","BRA","BRA","BRA.21_1","20210719","success"
"446",0.007675,0.003571,0.007236,0.003224,691,"Brazil","Rio Grande do Sul","BRA","BRA","BRA.21_1","20210720","success"
"447",0.008852,0.004151,0.008463,0.00344,709,"Brazil","Rio Grande do Sul","BRA","BRA","BRA.21_1","20210721","success"
"448",0.017996,0.006299,0.015528,0.004872,644,"Brazil","Rio Grande do Sul","BRA","BRA","BRA.21_1","20210722","success"
"449",0.018834,0.005875,0.018154,0.005193,661,"Brazil","Rio Grande do Sul","BRA","BRA","BRA.21_1","20210723","success"
"450",0.005632,0.003019,0.006329,0.003155,632,"Brazil","Rio Grande do Sul","BRA","BRA","BRA.21_1","20210724","success"
"451",0.011599,0.004308,0.012862,0.004518,622,"Brazil","Rio Grande do Sul","BRA","BRA","BRA.21_1","20210725","success"
"452",0.004646,0.002376,0.005435,0.00271,736,"Brazil","Rio Grande do Sul","BRA","BRA","BRA.21_1","20210726","success"
"453",0.014959,0.005568,0.011645,0.004093,687,"Brazil","Rio Grande do Sul","BRA","BRA","BRA.21_1","20210727","success"
"454",0.005719,0.002463,0.008596,0.003494,698,"Brazil","Rio Grande do Sul","BRA","BRA","BRA.21_1","20210728","success"
"455",0.009256,0.00416,0.009539,0.003876,629,"Brazil","Rio Grande do Sul","BRA","BRA","BRA.21_1","20210729","success"
"456",0.01353,0.007086,0.010256,0.004166,585,"Brazil","Rio Grande do Sul","BRA","BRA","BRA.21_1","20210730","success"
"457",0.009253,0.003522,0.011164,0.004196,627,"Brazil","Rio Grande do Sul","BRA","BRA","BRA.21_1","20210731","success"
"458",0.008569,0.00359,0.009569,0.003888,627,"Brazil","Rio Grande do Sul","BRA","BRA","BRA.21_1","20210801","success"
"459",0.010905,0.004079,0.01203,0.004228,665,"Brazil","Rio Grande do Sul","BRA","BRA","BRA.21_1","20210802","success"
"460",0.00353,0.002156,0.004754,0.002738,631,"Brazil","Rio Grande do Sul","BRA","BRA","BRA.21_1","20210803","success"
"461",0.002925,0.002919,0.001506,0.001505,664,"Brazil","Rio Grande do Sul","BRA","BRA","BRA.21_1","20210804","success"
"462",0.006021,0.003088,0.006088,0.003035,657,"Brazil","Rio Grande do Sul","BRA","BRA","BRA.21_1","20210805","success"
"463",0.009517,0.005235,0.006768,0.003373,591,"Brazil","Rio Grande do Sul","BRA","BRA","BRA.21_1","20210806","success"
"464",0.008012,0.003857,0.008518,0.003793,587,"Brazil","Rio Grande do Sul","BRA","BRA","BRA.21_1","20210807","success"
"465",0.011524,0.005999,0.00947,0.004215,528,"Brazil","Rio Grande do Sul","BRA","BRA","BRA.21_1","20210808","success"
"466",0.017539,0.009012,0.012048,0.004234,664,"Brazil","Rio Grande do Sul","BRA","BRA","BRA.21_1","20210809","success"
"467",0.005857,0.003001,0.00569,0.002837,703,"Brazil","Rio Grande do Sul","BRA","BRA","BRA.21_1","20210810","success"
"468",0.008179,0.004058,0.007215,0.003215,693,"Brazil","Rio Grande do Sul","BRA","BRA","BRA.21_1","20210811","success"
"469",0.013201,0.004788,0.012308,0.004325,650,"Brazil","Rio Grande do Sul","BRA","BRA","BRA.21_1","20210812","success"
"470",0.011551,0.003968,0.015901,0.005258,566,"Brazil","Rio Grande do Sul","BRA","BRA","BRA.21_1","20210813","success"
"471",0.017728,0.005494,0.018576,0.005312,646,"Brazil","Rio Grande do Sul","BRA","BRA","BRA.21_1","20210814","success"
"472",0.009982,0.00427,0.008942,0.003634,671,"Brazil","Rio Grande do Sul","BRA","BRA","BRA.21_1","20210815","success"
"473",0.007137,0.003489,0.007474,0.00333,669,"Brazil","Rio Grande do Sul","BRA","BRA","BRA.21_1","20210816","success"
"474",0.00442,0.002099,0.007508,0.003345,666,"Brazil","Rio Grande do Sul","BRA","BRA","BRA.21_1","20210817","success"
"475",0.009184,0.003909,0.009119,0.003706,658,"Brazil","Rio Grande do Sul","BRA","BRA","BRA.21_1","20210818","success"
"476",0.004719,0.00298,0.004894,0.002819,613,"Brazil","Rio Grande do Sul","BRA","BRA","BRA.21_1","20210819","success"
"477",0.004361,0.00259,0.004673,0.002692,642,"Brazil","Rio Grande do Sul","BRA","BRA","BRA.21_1","20210820","success"
"478",0.014737,0.005073,0.014516,0.004803,620,"Brazil","Rio Grande do Sul","BRA","BRA","BRA.21_1","20210821","success"
"479",0.005166,0.003413,0.004373,0.002519,686,"Brazil","Rio Grande do Sul","BRA","BRA","BRA.21_1","20210822","success"
"480",0.008866,0.00375,0.008219,0.003342,730,"Brazil","Rio Grande do Sul","BRA","BRA","BRA.21_1","20210823","success"
"481",0.019575,0.007251,0.014765,0.004419,745,"Brazil","Rio Grande do Sul","BRA","BRA","BRA.21_1","20210824","success"
"482",0.011134,0.004087,0.011765,0.004135,680,"Brazil","Rio Grande do Sul","BRA","BRA","BRA.21_1","20210825","success"
"483",0.007186,0.003314,0.007418,0.003305,674,"Brazil","Rio Grande do Sul","BRA","BRA","BRA.21_1","20210826","success"
"484",0.00537,0.002784,0.00713,0.003552,561,"Brazil","Rio Grande do Sul","BRA","BRA","BRA.21_1","20210827","success"
"485",0.009084,0.004214,0.009276,0.004129,539,"Brazil","Rio Grande do Sul","BRA","BRA","BRA.21_1","20210828","success"
"486",0.013358,0.004859,0.012195,0.004285,656,"Brazil","Rio Grande do Sul","BRA","BRA","BRA.21_1","20210829","success"
"487",0.013456,0.006299,0.010101,0.003798,693,"Brazil","Rio Grande do Sul","BRA","BRA","BRA.21_1","20210830","success"
"488",0.004751,0.002775,0.004831,0.002782,621,"Brazil","Rio Grande do Sul","BRA","BRA","BRA.21_1","20210831","success"
"489",0.015594,0.005327,0.015437,0.005106,583,"Brazil","Rio Grande do Sul","BRA","BRA","BRA.21_1","20210901","success"
"490",0.008745,0.005539,0.0053,0.003052,566,"Brazil","Rio Grande do Sul","BRA","BRA","BRA.21_1","20210902","success"
"491",0.00558,0.003489,0.005505,0.003169,545,"Brazil","Rio Grande do Sul","BRA","BRA","BRA.21_1","20210903","success"
"492",0.011825,0.004503,0.012007,0.004511,583,"Brazil","Rio Grande do Sul","BRA","BRA","BRA.21_1","20210904","success"
"493",0.023693,0.00897,0.017391,0.005452,575,"Brazil","Rio Grande do Sul","BRA","BRA","BRA.21_1","20210905","success"
"494",0.010211,0.005182,0.010292,0.00418,583,"Brazil","Rio Grande do Sul","BRA","BRA","BRA.21_1","20210906","success"
"495",0.013669,0.006104,0.009091,0.003694,660,"Brazil","Rio Grande do Sul","BRA","BRA","BRA.21_1","20210907","success"
"496",0.008519,0.004751,0.008418,0.003749,594,"Brazil","Rio Grande do Sul","BRA","BRA","BRA.21_1","20210908","success"
"497",0.004604,0.002701,0.005396,0.003107,556,"Brazil","Rio Grande do Sul","BRA","BRA","BRA.21_1","20210909","success"
"498",0.000863,0.000864,0.002045,0.002043,489,"Brazil","Rio Grande do Sul","BRA","BRA","BRA.21_1","20210910","success"
"499",0.010073,0.004443,0.011561,0.004692,519,"Brazil","Rio Grande do Sul","BRA","BRA","BRA.21_1","20210911","success"
"500",0.012029,0.005216,0.010292,0.00418,583,"Brazil","Rio Grande do Sul","BRA","BRA","BRA.21_1","20210912","success"
"501",0.003078,0.002192,0.003091,0.002182,647,"Brazil","Rio Grande do Sul","BRA","BRA","BRA.21_1","20210913","success"
"502",0.012666,0.005068,0.011725,0.004406,597,"Brazil","Rio Grande do Sul","BRA","BRA","BRA.21_1","20210914","success"
"503",0.010186,0.004436,0.01083,0.004397,554,"Brazil","Rio Grande do Sul","BRA","BRA","BRA.21_1","20210915","success"
"504",0.011834,0.004437,0.015123,0.005306,529,"Brazil","Rio Grande do Sul","BRA","BRA","BRA.21_1","20210916","success"
"505",0.009944,0.004876,0.008945,0.003982,559,"Brazil","Rio Grande do Sul","BRA","BRA","BRA.21_1","20210917","success"
"506",0.012632,0.005576,0.01217,0.004938,493,"Brazil","Rio Grande do Sul","BRA","BRA","BRA.21_1","20210918","success"
"507",0.006116,0.003237,0.007648,0.003809,523,"Brazil","Rio Grande do Sul","BRA","BRA","BRA.21_1","20210919","success"
"508",0.01,0.004566,0.008929,0.003975,560,"Brazil","Rio Grande do Sul","BRA","BRA","BRA.21_1","20210920","success"
"509",0.00442,0.002615,0.004785,0.002756,627,"Brazil","Rio Grande do Sul","BRA","BRA","BRA.21_1","20210921","success"
"510",0.017517,0.006619,0.014876,0.004922,605,"Brazil","Rio Grande do Sul","BRA","BRA","BRA.21_1","20210922","success"
"511",0.012058,0.006093,0.008726,0.003885,573,"Brazil","Rio Grande do Sul","BRA","BRA","BRA.21_1","20210923","success"
"512",0.016875,0.006286,0.015066,0.005286,531,"Brazil","Rio Grande do Sul","BRA","BRA","BRA.21_1","20210924","success"
"513",0.015011,0.006822,0.012397,0.005029,484,"Brazil","Rio Grande do Sul","BRA","BRA","BRA.21_1","20210925","success"
"514",0.013445,0.005873,0.01217,0.004938,493,"Brazil","Rio Grande do Sul","BRA","BRA","BRA.21_1","20210926","success"
"515",0.013297,0.005353,0.012111,0.00455,578,"Brazil","Rio Grande do Sul","BRA","BRA","BRA.21_1","20210927","success"
"516",0.014248,0.007168,0.009063,0.003683,662,"Brazil","Rio Grande do Sul","BRA","BRA","BRA.21_1","20210928","success"
"517",0.014347,0.004793,0.017007,0.005332,588,"Brazil","Rio Grande do Sul","BRA","BRA","BRA.21_1","20210929","success"
"518",0.007491,0.003396,0.009042,0.004025,553,"Brazil","Rio Grande do Sul","BRA","BRA","BRA.21_1","20210930","success"
"519",0.022224,0.007761,0.021413,0.006699,467,"Brazil","Rio Grande do Sul","BRA","BRA","BRA.21_1","20211001","success"
"520",0.011598,0.005887,0.011364,0.005053,440,"Brazil","Rio Grande do Sul","BRA","BRA","BRA.21_1","20211002","success"
"521",0.01048,0.004802,0.008961,0.003989,558,"Brazil","Rio Grande do Sul","BRA","BRA","BRA.21_1","20211003","success"
"522",0.015171,0.007902,0.0125,0.005555,400,"Brazil","Rio Grande do Sul","BRA","BRA","BRA.21_1","20211004","success"
"523",0.012066,0.00444,0.013445,0.004722,595,"Brazil","Rio Grande do Sul","BRA","BRA","BRA.21_1","20211005","success"
"524",0.009846,0.004275,0.010471,0.004252,573,"Brazil","Rio Grande do Sul","BRA","BRA","BRA.21_1","20211006","success"
"525",0.001355,0.001355,0.001931,0.001929,518,"Brazil","Rio Grande do Sul","BRA","BRA","BRA.21_1","20211007","success"
"526",0.011266,0.004636,0.011719,0.004756,512,"Brazil","Rio Grande do Sul","BRA","BRA","BRA.21_1","20211008","success"
"527",0.017483,0.006926,0.01417,0.005318,494,"Brazil","Rio Grande do Sul","BRA","BRA","BRA.21_1","20211009","success"
"528",0.010089,0.005087,0.00813,0.004048,492,"Brazil","Rio Grande do Sul","BRA","BRA","BRA.21_1","20211010","success"
"529",0.008925,0.00492,0.007491,0.003731,534,"Brazil","Rio Grande do Sul","BRA","BRA","BRA.21_1","20211011","success"
"530",0.020395,0.009237,0.015021,0.005635,466,"Brazil","Rio Grande do Sul","BRA","BRA","BRA.21_1","20211012","success"
"531",0.015064,0.00524,0.017176,0.005676,524,"Brazil","Rio Grande do Sul","BRA","BRA","BRA.21_1","20211013","success"
"532",0.014708,0.011481,0.006098,0.00351,492,"Brazil","Rio Grande do Sul","BRA","BRA","BRA.21_1","20211014","success"
"533",0.02439,0.011167,0.014644,0.005494,478,"Brazil","Rio Grande do Sul","BRA","BRA","BRA.21_1","20211015","success"
"534",0.021871,0.008651,0.015595,0.00547,513,"Brazil","Rio Grande do Sul","BRA","BRA","BRA.21_1","20211016","success"
"535",0.016721,0.005222,0.020258,0.006046,543,"Brazil","Rio Grande do Sul","BRA","BRA","BRA.21_1","20211017","success"
"536",0.013399,0.005616,0.012987,0.004877,539,"Brazil","Rio Grande do Sul","BRA","BRA","BRA.21_1","20211018","success"
"537",0.005778,0.002903,0.007194,0.003584,556,"Brazil","Rio Grande do Sul","BRA","BRA","BRA.21_1","20211019","success"
"538",0.015165,0.005673,0.016227,0.00569,493,"Brazil","Rio Grande do Sul","BRA","BRA","BRA.21_1","20211020","success"
"539",0.029745,0.009606,0.022472,0.006414,534,"Brazil","Rio Grande do Sul","BRA","BRA","BRA.21_1","20211021","success"
"540",0.027113,0.00895,0.022026,0.006888,454,"Brazil","Rio Grande do Sul","BRA","BRA","BRA.21_1","20211022","success"
"541",0.015309,0.005879,0.017094,0.005992,468,"Brazil","Rio Grande do Sul","BRA","BRA","BRA.21_1","20211023","success"
"542",0.014386,0.005661,0.013011,0.004886,538,"Brazil","Rio Grande do Sul","BRA","BRA","BRA.21_1","20211024","success"
"543",0.012888,0.006198,0.009709,0.004321,515,"Brazil","Rio Grande do Sul","BRA","BRA","BRA.21_1","20211025","success"
"544",0.008562,0.003917,0.008993,0.004004,556,"Brazil","Rio Grande do Sul","BRA","BRA","BRA.21_1","20211026","success"
"545",0.02574,0.008812,0.021073,0.006286,522,"Brazil","Rio Grande do Sul","BRA","BRA","BRA.21_1","20211027","success"
"546",0.014047,0.006055,0.012658,0.005135,474,"Brazil","Rio Grande do Sul","BRA","BRA","BRA.21_1","20211028","success"
"547",0.013809,0.005807,0.012959,0.005256,463,"Brazil","Rio Grande do Sul","BRA","BRA","BRA.21_1","20211029","success"
"548",0.00519,0.003662,0.004796,0.003383,417,"Brazil","Rio Grande do Sul","BRA","BRA","BRA.21_1","20211030","success"
"549",0.00988,0.00468,0.010395,0.004625,481,"Brazil","Rio Grande do Sul","BRA","BRA","BRA.21_1","20211031","success"
"550",0.00608,0.003672,0.00566,0.003259,530,"Brazil","Rio Grande do Sul","BRA","BRA","BRA.21_1","20211101","success"
"551",0.009659,0.004011,0.010582,0.004297,567,"Brazil","Rio Grande do Sul","BRA","BRA","BRA.21_1","20211102","success"
"552",0.001766,0.001765,0.001706,0.001705,586,"Brazil","Rio Grande do Sul","BRA","BRA","BRA.21_1","20211103","success"
"553",0.015702,0.006183,0.014,0.005254,500,"Brazil","Rio Grande do Sul","BRA","BRA","BRA.21_1","20211104","success"
"554",0.015463,0.007685,0.011161,0.004963,448,"Brazil","Rio Grande do Sul","BRA","BRA","BRA.21_1","20211105","success"
"555",0.011053,0.007214,0.006289,0.00362,477,"Brazil","Rio Grande do Sul","BRA","BRA","BRA.21_1","20211106","success"
"556",0.017907,0.006891,0.014199,0.005328,493,"Brazil","Rio Grande do Sul","BRA","BRA","BRA.21_1","20211107","success"
"557",0.015798,0.006005,0.015873,0.005567,504,"Brazil","Rio Grande do Sul","BRA","BRA","BRA.21_1","20211108","success"
"558",0.011764,0.006422,0.008214,0.00409,487,"Brazil","Rio Grande do Sul","BRA","BRA","BRA.21_1","20211109","success"
"559",0.005926,0.003514,0.005882,0.003386,510,"Brazil","Rio Grande do Sul","BRA","BRA","BRA.21_1","20211110","success"
"560",0.011602,0.005355,0.010549,0.004692,474,"Brazil","Rio Grande do Sul","BRA","BRA","BRA.21_1","20211111","success"
"561",0.009675,0.00484,0.00907,0.004515,441,"Brazil","Rio Grande do Sul","BRA","BRA","BRA.21_1","20211112","success"
"562",0.004086,0.003131,0.005181,0.003654,386,"Brazil","Rio Grande do Sul","BRA","BRA","BRA.21_1","20211113","success"
"563",0.010901,0.004907,0.01182,0.005255,423,"Brazil","Rio Grande do Sul","BRA","BRA","BRA.21_1","20211114","success"
"564",0.011786,0.006912,0.008264,0.004115,484,"Brazil","Rio Grande do Sul","BRA","BRA","BRA.21_1","20211115","success"
"565",0.015992,0.009678,0.007737,0.003853,517,"Brazil","Rio Grande do Sul","BRA","BRA","BRA.21_1","20211116","success"
"566",0.003954,0.002325,0.005917,0.003406,507,"Brazil","Rio Grande do Sul","BRA","BRA","BRA.21_1","20211117","success"
"567",0.010606,0.00486,0.00998,0.004441,501,"Brazil","Rio Grande do Sul","BRA","BRA","BRA.21_1","20211118","success"
"568",0.006353,0.003815,0.006303,0.003627,476,"Brazil","Rio Grande do Sul","BRA","BRA","BRA.21_1","20211119","success"
"569",0.011683,0.004829,0.014354,0.005818,418,"Brazil","Rio Grande do Sul","BRA","BRA","BRA.21_1","20211120","success"
"570",0.009509,0.005598,0.009112,0.004535,439,"Brazil","Rio Grande do Sul","BRA","BRA","BRA.21_1","20211121","success"
"571",0.003805,0.002286,0.006452,0.003713,465,"Brazil","Rio Grande do Sul","BRA","BRA","BRA.21_1","20211122","success"
"572",0.013259,0.006459,0.010288,0.004577,486,"Brazil","Rio Grande do Sul","BRA","BRA","BRA.21_1","20211123","success"
"573",0.020922,0.009531,0.013761,0.005579,436,"Brazil","Rio Grande do Sul","BRA","BRA","BRA.21_1","20211124","success"
"574",0.010124,0.004642,0.011547,0.005134,433,"Brazil","Rio Grande do Sul","BRA","BRA","BRA.21_1","20211125","success"
"575",0.020515,0.008631,0.017903,0.006706,391,"Brazil","Rio Grande do Sul","BRA","BRA","BRA.21_1","20211126","success"
"576",0.019484,0.009464,0.012953,0.005755,386,"Brazil","Rio Grande do Sul","BRA","BRA","BRA.21_1","20211127","success"
"577",0.006865,0.003446,0.008791,0.004376,455,"Brazil","Rio Grande do Sul","BRA","BRA","BRA.21_1","20211128","success"
"578",0.02325,0.008303,0.018293,0.006042,492,"Brazil","Rio Grande do Sul","BRA","BRA","BRA.21_1","20211129","success"
"579",0.004685,0.003452,0.004376,0.003088,457,"Brazil","Rio Grande do Sul","BRA","BRA","BRA.21_1","20211130","success"
"580",0.011249,0.005713,0.008989,0.004474,445,"Brazil","Rio Grande do Sul","BRA","BRA","BRA.21_1","20211201","success"
"581",0.015871,0.006054,0.016787,0.006291,417,"Brazil","Rio Grande do Sul","BRA","BRA","BRA.21_1","20211202","success"
"582",0.016083,0.006791,0.01626,0.006584,369,"Brazil","Rio Grande do Sul","BRA","BRA","BRA.21_1","20211203","success"
"583",0.009857,0.00696,0.00565,0.003984,354,"Brazil","Rio Grande do Sul","BRA","BRA","BRA.21_1","20211204","success"
"584",0.003329,0.00236,0.004662,0.003289,429,"Brazil","Rio Grande do Sul","BRA","BRA","BRA.21_1","20211205","success"
"585",0.001668,0.001668,0.002342,0.002339,427,"Brazil","Rio Grande do Sul","BRA","BRA","BRA.21_1","20211206","success"
"586",0.001815,0.001814,0.002326,0.002323,430,"Brazil","Rio Grande do Sul","BRA","BRA","BRA.21_1","20211207","success"
"587",0.017139,0.00722,0.015831,0.006412,379,"Brazil","Rio Grande do Sul","BRA","BRA","BRA.21_1","20211208","success"
"588",0.028493,0.011029,0.018325,0.006862,382,"Brazil","Rio Grande do Sul","BRA","BRA","BRA.21_1","20211209","success"
"589",0.007021,0.005449,0.005814,0.004099,344,"Brazil","Rio Grande do Sul","BRA","BRA","BRA.21_1","20211210","success"
"590",0.010663,0.00636,0.00813,0.004675,369,"Brazil","Rio Grande do Sul","BRA","BRA","BRA.21_1","20211211","success"
"591",0.004906,0.003464,0.00542,0.003822,369,"Brazil","Rio Grande do Sul","BRA","BRA","BRA.21_1","20211212","success"
"592",0.004449,0.003198,0.005222,0.003683,383,"Brazil","Rio Grande do Sul","BRA","BRA","BRA.21_1","20211213","success"
"593",0.006273,0.0037,0.006772,0.003897,443,"Brazil","Rio Grande do Sul","BRA","BRA","BRA.21_1","20211214","success"
"594",0.010418,0.005435,0.009302,0.004629,430,"Brazil","Rio Grande do Sul","BRA","BRA","BRA.21_1","20211215","success"
"595",0,0,0,0,256,"Brazil","Rio Grande do Sul","BRA","BRA","BRA.21_1","20211216","success"
"596",0.012826,0.005883,0.013921,0.005644,431,"Brazil","Rio Grande do Sul","BRA","BRA","BRA.21_1","20211218","success"
"597",0.008206,0.004193,0.00726,0.003617,551,"Brazil","Rio Grande do Sul","BRA","BRA","BRA.21_1","20211219","success"
"598",0.00675,0.00394,0.005367,0.00309,559,"Brazil","Rio Grande do Sul","BRA","BRA","BRA.21_1","20211220","success"
"599",0.004069,0.002374,0.005917,0.003406,507,"Brazil","Rio Grande do Sul","BRA","BRA","BRA.21_1","20211221","success"
"600",0.00994,0.004154,0.013514,0.005479,444,"Brazil","Rio Grande do Sul","BRA","BRA","BRA.21_1","20211222","success"
"601",0.008659,0.004346,0.00907,0.004515,441,"Brazil","Rio Grande do Sul","BRA","BRA","BRA.21_1","20211223","success"
"602",0.006571,0.00468,0.006192,0.004365,323,"Brazil","Rio Grande do Sul","BRA","BRA","BRA.21_1","20211224","success"
"603",0.012251,0.005799,0.014577,0.006471,343,"Brazil","Rio Grande do Sul","BRA","BRA","BRA.21_1","20211225","success"
"604",0.012722,0.006367,0.01087,0.004835,460,"Brazil","Rio Grande do Sul","BRA","BRA","BRA.21_1","20211226","success"
"605",0.002131,0.002129,0.002016,0.002014,496,"Brazil","Rio Grande do Sul","BRA","BRA","BRA.21_1","20211227","success"
"606",0.014877,0.006908,0.010684,0.004752,468,"Brazil","Rio Grande do Sul","BRA","BRA","BRA.21_1","20211228","success"
"607",0.014767,0.005771,0.013592,0.005102,515,"Brazil","Rio Grande do Sul","BRA","BRA","BRA.21_1","20211229","success"
"608",0.034961,0.011972,0.023555,0.007018,467,"Brazil","Rio Grande do Sul","BRA","BRA","BRA.21_1","20211230","success"
"609",0.022979,0.007629,0.02551,0.007963,392,"Brazil","Rio Grande do Sul","BRA","BRA","BRA.21_1","20211231","success"
"610",0.02026,0.008098,0.016627,0.006232,421,"Brazil","Rio Grande do Sul","BRA","BRA","BRA.21_1","20220101","success"
"611",0.007908,0.003286,0.011628,0.004719,516,"Brazil","Rio Grande do Sul","BRA","BRA","BRA.21_1","20220102","success"
"612",0.031454,0.008048,0.032702,0.007379,581,"Brazil","Rio Grande do Sul","BRA","BRA","BRA.21_1","20220103","success"
"613",0.033073,0.008671,0.029549,0.006678,643,"Brazil","Rio Grande do Sul","BRA","BRA","BRA.21_1","20220104","success"
"614",0.036265,0.007239,0.042336,0.007693,685,"Brazil","Rio Grande do Sul","BRA","BRA","BRA.21_1","20220105","success"
"615",0.033134,0.007551,0.033724,0.006912,682,"Brazil","Rio Grande do Sul","BRA","BRA","BRA.21_1","20220106","success"
"616",0.031543,0.008454,0.027692,0.006436,650,"Brazil","Rio Grande do Sul","BRA","BRA","BRA.21_1","20220107","success"
"617",0.033125,0.0078,0.035604,0.007291,646,"Brazil","Rio Grande do Sul","BRA","BRA","BRA.21_1","20220108","success"
"618",0.039142,0.010778,0.029781,0.00673,638,"Brazil","Rio Grande do Sul","BRA","BRA","BRA.21_1","20220109","success"
"619",0.047756,0.008654,0.051929,0.008547,674,"Brazil","Rio Grande do Sul","BRA","BRA","BRA.21_1","20220110","success"
"620",0.034773,0.007036,0.041135,0.00748,705,"Brazil","Rio Grande do Sul","BRA","BRA","BRA.21_1","20220111","success"
"621",0.05406,0.010388,0.059891,0.010109,551,"Brazil","Rio Grande do Sul","BRA","BRA","BRA.21_1","20220112","success"
"622",0.03923,0.011544,0.037234,0.009764,376,"Brazil","Rio Grande do Sul","BRA","BRA","BRA.21_1","20220113","success"
"623",0.049355,0.009661,0.049347,0.008251,689,"Brazil","Rio Grande do Sul","BRA","BRA","BRA.21_1","20220114","success"
"624",0.046916,0.008046,0.045906,0.007372,806,"Brazil","Rio Grande do Sul","BRA","BRA","BRA.21_1","20220115","success"
"625",0.040117,0.008351,0.04039,0.007347,718,"Brazil","Rio Grande do Sul","BRA","BRA","BRA.21_1","20220116","success"
"626",0.041135,0.007318,0.044534,0.007578,741,"Brazil","Rio Grande do Sul","BRA","BRA","BRA.21_1","20220117","success"
"627",0.039625,0.00749,0.041783,0.007467,718,"Brazil","Rio Grande do Sul","BRA","BRA","BRA.21_1","20220118","success"
"628",0.035091,0.007811,0.035772,0.007489,615,"Brazil","Rio Grande do Sul","BRA","BRA","BRA.21_1","20220119","success"
"629",0.033444,0.006977,0.039939,0.007675,651,"Brazil","Rio Grande do Sul","BRA","BRA","BRA.21_1","20220120","success"
"630",0.039303,0.009149,0.034901,0.007149,659,"Brazil","Rio Grande do Sul","BRA","BRA","BRA.21_1","20220121","success"
"631",0.04235,0.008889,0.045208,0.008835,553,"Brazil","Rio Grande do Sul","BRA","BRA","BRA.21_1","20220122","success"
"632",0.04763,0.010085,0.040519,0.007938,617,"Brazil","Rio Grande do Sul","BRA","BRA","BRA.21_1","20220123","success"
"633",0.054781,0.009818,0.053651,0.008699,671,"Brazil","Rio Grande do Sul","BRA","BRA","BRA.21_1","20220124","success"
"634",0.04151,0.008462,0.039349,0.007162,737,"Brazil","Rio Grande do Sul","BRA","BRA","BRA.21_1","20220125","success"
"635",0.036992,0.007089,0.043785,0.00769,708,"Brazil","Rio Grande do Sul","BRA","BRA","BRA.21_1","20220126","success"
"636",0.052691,0.00902,0.057751,0.009094,658,"Brazil","Rio Grande do Sul","BRA","BRA","BRA.21_1","20220127","success"
"637",0.043706,0.009126,0.043902,0.008261,615,"Brazil","Rio Grande do Sul","BRA","BRA","BRA.21_1","20220128","success"
"638",0.036806,0.008245,0.042831,0.008737,537,"Brazil","Rio Grande do Sul","BRA","BRA","BRA.21_1","20220129","success"
"639",0.035284,0.008226,0.03777,0.008085,556,"Brazil","Rio Grande do Sul","BRA","BRA","BRA.21_1","20220130","success"
"640",0.047082,0.009366,0.054577,0.009531,568,"Brazil","Rio Grande do Sul","BRA","BRA","BRA.21_1","20220131","success"
"641",0.029414,0.00766,0.02901,0.006933,586,"Brazil","Rio Grande do Sul","BRA","BRA","BRA.21_1","20220201","success"
"642",0.042323,0.008583,0.045061,0.008636,577,"Brazil","Rio Grande do Sul","BRA","BRA","BRA.21_1","20220202","success"
"643",0.044689,0.012166,0.035971,0.007897,556,"Brazil","Rio Grande do Sul","BRA","BRA","BRA.21_1","20220203","success"
"644",0.040794,0.0092,0.042279,0.008627,544,"Brazil","Rio Grande do Sul","BRA","BRA","BRA.21_1","20220204","success"
"645",0.017985,0.006182,0.017544,0.005499,570,"Brazil","Rio Grande do Sul","BRA","BRA","BRA.21_1","20220205","success"
"646",0.027818,0.008871,0.025952,0.006613,578,"Brazil","Rio Grande do Sul","BRA","BRA","BRA.21_1","20220206","success"
"647",0.039238,0.008966,0.040067,0.008013,599,"Brazil","Rio Grande do Sul","BRA","BRA","BRA.21_1","20220207","success"
"648",0.043337,0.008826,0.044983,0.008621,578,"Brazil","Rio Grande do Sul","BRA","BRA","BRA.21_1","20220208","success"
"649",0.043502,0.010238,0.04717,0.009209,530,"Brazil","Rio Grande do Sul","BRA","BRA","BRA.21_1","20220209","success"
"650",0.041,0.009921,0.039175,0.00881,485,"Brazil","Rio Grande do Sul","BRA","BRA","BRA.21_1","20220210","success"
"651",0.020907,0.007174,0.020284,0.006349,493,"Brazil","Rio Grande do Sul","BRA","BRA","BRA.21_1","20220211","success"
"652",0.029903,0.008982,0.027484,0.007517,473,"Brazil","Rio Grande do Sul","BRA","BRA","BRA.21_1","20220212","success"
"653",0.026728,0.009179,0.019569,0.006128,511,"Brazil","Rio Grande do Sul","BRA","BRA","BRA.21_1","20220213","success"
"654",0.026039,0.006781,0.031189,0.007675,513,"Brazil","Rio Grande do Sul","BRA","BRA","BRA.21_1","20220214","success"
"655",0.031565,0.008669,0.029046,0.007649,482,"Brazil","Rio Grande do Sul","BRA","BRA","BRA.21_1","20220215","success"
"656",0.035972,0.009746,0.035785,0.008282,503,"Brazil","Rio Grande do Sul","BRA","BRA","BRA.21_1","20220216","success"
"657",0.039412,0.009919,0.039216,0.008595,510,"Brazil","Rio Grande do Sul","BRA","BRA","BRA.21_1","20220217","success"
"658",0.035226,0.009308,0.033482,0.008499,448,"Brazil","Rio Grande do Sul","BRA","BRA","BRA.21_1","20220218","success"
"659",0.022702,0.006769,0.026258,0.00748,457,"Brazil","Rio Grande do Sul","BRA","BRA","BRA.21_1","20220219","success"
"660",0.018508,0.006521,0.019397,0.006403,464,"Brazil","Rio Grande do Sul","BRA","BRA","BRA.21_1","20220220","success"
"661",0.017715,0.006146,0.017751,0.005864,507,"Brazil","Rio Grande do Sul","BRA","BRA","BRA.21_1","20220221","success"
"662",0.019125,0.005993,0.023404,0.006974,470,"Brazil","Rio Grande do Sul","BRA","BRA","BRA.21_1","20220222","success"
"663",0.024707,0.008509,0.019694,0.0065,457,"Brazil","Rio Grande do Sul","BRA","BRA","BRA.21_1","20220223","success"
"664",0.015146,0.006975,0.011628,0.00517,430,"Brazil","Rio Grande do Sul","BRA","BRA","BRA.21_1","20220224","success"
"665",0.016149,0.00628,0.017632,0.006605,397,"Brazil","Rio Grande do Sul","BRA","BRA","BRA.21_1","20220225","success"
"666",0.018256,0.007103,0.017949,0.006723,390,"Brazil","Rio Grande do Sul","BRA","BRA","BRA.21_1","20220226","success"
"667",0.015145,0.006063,0.016471,0.006174,425,"Brazil","Rio Grande do Sul","BRA","BRA","BRA.21_1","20220227","success"
"668",0.012932,0.00569,0.013672,0.005132,512,"Brazil","Rio Grande do Sul","BRA","BRA","BRA.21_1","20220228","success"
"669",0.003424,0.002545,0.004082,0.00288,490,"Brazil","Rio Grande do Sul","BRA","BRA","BRA.21_1","20220301","success"
"670",0.00364,0.002677,0.004367,0.003081,458,"Brazil","Rio Grande do Sul","BRA","BRA","BRA.21_1","20220302","success"
"671",0.016964,0.00606,0.019139,0.006702,418,"Brazil","Rio Grande do Sul","BRA","BRA","BRA.21_1","20220303","success"
"672",0.032031,0.010256,0.029484,0.008385,407,"Brazil","Rio Grande do Sul","BRA","BRA","BRA.21_1","20220304","success"
"673",0.008444,0.005008,0.007264,0.004179,413,"Brazil","Rio Grande do Sul","BRA","BRA","BRA.21_1","20220305","success"
"674",0.013556,0.006565,0.011416,0.005076,438,"Brazil","Rio Grande do Sul","BRA","BRA","BRA.21_1","20220306","success"
"675",0.017271,0.007193,0.013953,0.005657,430,"Brazil","Rio Grande do Sul","BRA","BRA","BRA.21_1","20220307","success"
"676",0.02943,0.012025,0.02005,0.007017,399,"Brazil","Rio Grande do Sul","BRA","BRA","BRA.21_1","20220308","success"
"677",0.020968,0.008173,0.024242,0.008466,330,"Brazil","Rio Grande do Sul","BRA","BRA","BRA.21_1","20220309","success"
"678",0.014075,0.006286,0.012526,0.005082,479,"Brazil","Rio Grande do Sul","BRA","BRA","BRA.21_1","20220310","success"
"679",0.006489,0.003953,0.006897,0.003968,435,"Brazil","Rio Grande do Sul","BRA","BRA","BRA.21_1","20220311","success"
"680",0.012766,0.006866,0.010526,0.005235,380,"Brazil","Rio Grande do Sul","BRA","BRA","BRA.21_1","20220312","success"
"681",0.022624,0.008235,0.020921,0.006546,478,"Brazil","Rio Grande do Sul","BRA","BRA","BRA.21_1","20220313","success"
"682",0.017258,0.007095,0.016279,0.006103,430,"Brazil","Rio Grande do Sul","BRA","BRA","BRA.21_1","20220314","success"
"683",0.025969,0.008916,0.022173,0.006934,451,"Brazil","Rio Grande do Sul","BRA","BRA","BRA.21_1","20220315","success"
"684",0.014985,0.005566,0.019048,0.00667,420,"Brazil","Rio Grande do Sul","BRA","BRA","BRA.21_1","20220316","success"
"685",0.007891,0.004637,0.008646,0.00497,347,"Brazil","Rio Grande do Sul","BRA","BRA","BRA.21_1","20220317","success"
"686",0.026511,0.01114,0.027907,0.011233,215,"Brazil","Rio Grande do Sul","BRA","BRA","BRA.21_1","20220318","success"
"687",0.013096,0.006674,0.016129,0.007999,248,"Brazil","Rio Grande do Sul","BRA","BRA","BRA.21_1","20220319","success"
"688",0.012008,0.00538,0.013369,0.005939,374,"Brazil","Rio Grande do Sul","BRA","BRA","BRA.21_1","20220320","success"
"689",0.004488,0.003459,0.005525,0.003896,362,"Brazil","Rio Grande do Sul","BRA","BRA","BRA.21_1","20220321","success"
"690",0.005069,0.005057,0.004274,0.004264,234,"Brazil","Rio Grande do Sul","BRA","BRA","BRA.21_1","20220322","success"
"691",0.009245,0.003816,0.012195,0.004948,492,"Brazil","Rio Grande do Sul","BRA","BRA","BRA.21_1","20220323","success"
"692",0.010836,0.004274,0.014286,0.005361,490,"Brazil","Rio Grande do Sul","BRA","BRA","BRA.21_1","20220324","success"
"693",0.008377,0.0044,0.008299,0.004132,482,"Brazil","Rio Grande do Sul","BRA","BRA","BRA.21_1","20220325","success"
"694",0.020967,0.008491,0.018595,0.00614,484,"Brazil","Rio Grande do Sul","BRA","BRA","BRA.21_1","20220326","success"
"695",0.018258,0.006337,0.019881,0.006224,503,"Brazil","Rio Grande do Sul","BRA","BRA","BRA.21_1","20220327","success"
"696",0.007601,0.00395,0.008584,0.004273,466,"Brazil","Rio Grande do Sul","BRA","BRA","BRA.21_1","20220328","success"
"697",0.01593,0.005759,0.018018,0.006313,444,"Brazil","Rio Grande do Sul","BRA","BRA","BRA.21_1","20220329","success"
"698",0.01903,0.007038,0.018223,0.006384,439,"Brazil","Rio Grande do Sul","BRA","BRA","BRA.21_1","20220330","success"
"699",0.010199,0.006409,0.007426,0.004271,404,"Brazil","Rio Grande do Sul","BRA","BRA","BRA.21_1","20220331","success"
"700",0.010673,0.005499,0.011268,0.005602,355,"Brazil","Rio Grande do Sul","BRA","BRA","BRA.21_1","20220401","success"
"701",0.021189,0.010249,0.012987,0.00577,385,"Brazil","Rio Grande do Sul","BRA","BRA","BRA.21_1","20220402","success"
"702",0.007562,0.003991,0.009368,0.004662,427,"Brazil","Rio Grande do Sul","BRA","BRA","BRA.21_1","20220403","success"
"703",0.016835,0.006433,0.018141,0.006355,441,"Brazil","Rio Grande do Sul","BRA","BRA","BRA.21_1","20220404","success"
"704",0.017464,0.007029,0.018182,0.006809,385,"Brazil","Rio Grande do Sul","BRA","BRA","BRA.21_1","20220405","success"
"705",0.001378,0.001379,0.002427,0.002424,412,"Brazil","Rio Grande do Sul","BRA","BRA","BRA.21_1","20220406","success"
"706",0.015412,0.006823,0.015267,0.006185,393,"Brazil","Rio Grande do Sul","BRA","BRA","BRA.21_1","20220407","success"
"707",0.011969,0.006266,0.012739,0.006329,314,"Brazil","Rio Grande do Sul","BRA","BRA","BRA.21_1","20220408","success"
"708",0.006724,0.004925,0.00551,0.003885,363,"Brazil","Rio Grande do Sul","BRA","BRA","BRA.21_1","20220409","success"
"709",0.015778,0.006554,0.015306,0.006201,392,"Brazil","Rio Grande do Sul","BRA","BRA","BRA.21_1","20220410","success"
"710",0.005819,0.003559,0.007937,0.004564,378,"Brazil","Rio Grande do Sul","BRA","BRA","BRA.21_1","20220411","success"
"711",0.027175,0.011695,0.022161,0.007748,361,"Brazil","Rio Grande do Sul","BRA","BRA","BRA.21_1","20220412","success"
"712",0.021327,0.008395,0.019886,0.007441,352,"Brazil","Rio Grande do Sul","BRA","BRA","BRA.21_1","20220413","success"
"713",0.015743,0.007037,0.017007,0.007541,294,"Brazil","Rio Grande do Sul","BRA","BRA","BRA.21_1","20220414","success"
"714",0.012318,0.005805,0.013441,0.00597,372,"Brazil","Rio Grande do Sul","BRA","BRA","BRA.21_1","20220415","success"
"715",0.020809,0.010144,0.014563,0.005902,412,"Brazil","Rio Grande do Sul","BRA","BRA","BRA.21_1","20220416","success"
"716",0.021539,0.008301,0.017949,0.006723,390,"Brazil","Rio Grande do Sul","BRA","BRA","BRA.21_1","20220417","success"
"717",0.030973,0.010042,0.026506,0.007885,415,"Brazil","Rio Grande do Sul","BRA","BRA","BRA.21_1","20220418","success"
"718",0.027694,0.009612,0.021226,0.007,424,"Brazil","Rio Grande do Sul","BRA","BRA","BRA.21_1","20220419","success"
"719",0.023578,0.008219,0.021583,0.007116,417,"Brazil","Rio Grande do Sul","BRA","BRA","BRA.21_1","20220420","success"
"720",0.036153,0.010852,0.032258,0.009161,372,"Brazil","Rio Grande do Sul","BRA","BRA","BRA.21_1","20220421","success"
"721",0.037696,0.010236,0.036554,0.009589,383,"Brazil","Rio Grande do Sul","BRA","BRA","BRA.21_1","20220422","success"
"722",0.009941,0.005009,0.012048,0.005988,332,"Brazil","Rio Grande do Sul","BRA","BRA","BRA.21_1","20220423","success"
"723",0.014429,0.005956,0.019277,0.006749,415,"Brazil","Rio Grande do Sul","BRA","BRA","BRA.21_1","20220424","success"
"724",0.027871,0.008494,0.029891,0.008877,368,"Brazil","Rio Grande do Sul","BRA","BRA","BRA.21_1","20220425","success"
"725",0.02237,0.008011,0.022388,0.007379,402,"Brazil","Rio Grande do Sul","BRA","BRA","BRA.21_1","20220426","success"
"726",0.027752,0.008461,0.028504,0.00811,421,"Brazil","Rio Grande do Sul","BRA","BRA","BRA.21_1","20220427","success"
"727",0.026638,0.009425,0.028249,0.008806,354,"Brazil","Rio Grande do Sul","BRA","BRA","BRA.21_1","20220428","success"
"728",0.030832,0.010179,0.035461,0.011013,282,"Brazil","Rio Grande do Sul","BRA","BRA","BRA.21_1","20220429","success"
"729",0.035629,0.012681,0.028571,0.009387,315,"Brazil","Rio Grande do Sul","BRA","BRA","BRA.21_1","20220430","success"
"730",0.024559,0.009863,0.021807,0.008152,321,"Brazil","Rio Grande do Sul","BRA","BRA","BRA.21_1","20220501","success"
"731",0.020817,0.007472,0.023256,0.008126,344,"Brazil","Rio Grande do Sul","BRA","BRA","BRA.21_1","20220502","success"
"732",0.01858,0.007226,0.019943,0.007462,351,"Brazil","Rio Grande do Sul","BRA","BRA","BRA.21_1","20220503","success"
"733",0.021966,0.007892,0.024242,0.008466,330,"Brazil","Rio Grande do Sul","BRA","BRA","BRA.21_1","20220504","success"
"734",0.03824,0.013192,0.031746,0.009878,315,"Brazil","Rio Grande do Sul","BRA","BRA","BRA.21_1","20220505","success"
"735",0.006375,0.004664,0.006993,0.004927,286,"Brazil","Rio Grande do Sul","BRA","BRA","BRA.21_1","20220506","success"
"736",0.036022,0.012432,0.030405,0.00998,296,"Brazil","Rio Grande do Sul","BRA","BRA","BRA.21_1","20220507","success"
"737",0.022935,0.009114,0.02349,0.008773,298,"Brazil","Rio Grande do Sul","BRA","BRA","BRA.21_1","20220508","success"
"738",0.018841,0.006789,0.023121,0.00808,346,"Brazil","Rio Grande do Sul","BRA","BRA","BRA.21_1","20220509","success"
"739",0.020203,0.007732,0.022792,0.007966,351,"Brazil","Rio Grande do Sul","BRA","BRA","BRA.21_1","20220510","success"
"740",0.023136,0.00795,0.024129,0.007945,373,"Brazil","Rio Grande do Sul","BRA","BRA","BRA.21_1","20220511","success"
"741",0.051117,0.012532,0.048469,0.010847,392,"Brazil","Rio Grande do Sul","BRA","BRA","BRA.21_1","20220512","success"
"742",0.034105,0.008842,0.04336,0.010602,369,"Brazil","Rio Grande do Sul","BRA","BRA","BRA.21_1","20220513","success"
"743",0.024487,0.007881,0.028796,0.008556,382,"Brazil","Rio Grande do Sul","BRA","BRA","BRA.21_1","20220514","success"
"744",0.031597,0.008512,0.03856,0.009762,389,"Brazil","Rio Grande do Sul","BRA","BRA","BRA.21_1","20220515","success"
"745",0.044797,0.010624,0.048101,0.010767,395,"Brazil","Rio Grande do Sul","BRA","BRA","BRA.21_1","20220516","success"
"746",0.029091,0.008719,0.030534,0.008679,393,"Brazil","Rio Grande do Sul","BRA","BRA","BRA.21_1","20220517","success"
"747",0.043318,0.010855,0.044503,0.010551,382,"Brazil","Rio Grande do Sul","BRA","BRA","BRA.21_1","20220518","success"
"748",0.05238,0.011831,0.05036,0.010709,417,"Brazil","Rio Grande do Sul","BRA","BRA","BRA.21_1","20220519","success"
"749",0.017762,0.006919,0.01897,0.007102,369,"Brazil","Rio Grande do Sul","BRA","BRA","BRA.21_1","20220520","success"
"750",0.032033,0.010814,0.025907,0.008086,386,"Brazil","Rio Grande do Sul","BRA","BRA","BRA.21_1","20220521","success"
"751",0.041666,0.012072,0.035088,0.009212,399,"Brazil","Rio Grande do Sul","BRA","BRA","BRA.21_1","20220522","success"
"752",0.035948,0.012907,0.025126,0.007845,398,"Brazil","Rio Grande do Sul","BRA","BRA","BRA.21_1","20220523","success"
"753",0.046123,0.011774,0.046117,0.010333,412,"Brazil","Rio Grande do Sul","BRA","BRA","BRA.21_1","20220524","success"
"754",0.035942,0.00991,0.037129,0.009407,404,"Brazil","Rio Grande do Sul","BRA","BRA","BRA.21_1","20220525","success"
"755",0.053342,0.011642,0.053613,0.010875,429,"Brazil","Rio Grande do Sul","BRA","BRA","BRA.21_1","20220526","success"
"756",0.052719,0.01394,0.046753,0.010759,385,"Brazil","Rio Grande do Sul","BRA","BRA","BRA.21_1","20220527","success"
"757",0.05064,0.012977,0.046961,0.011119,362,"Brazil","Rio Grande do Sul","BRA","BRA","BRA.21_1","20220528","success"
"758",0.022656,0.006963,0.028351,0.008426,388,"Brazil","Rio Grande do Sul","BRA","BRA","BRA.21_1","20220529","success"
"759",0.054151,0.01255,0.052083,0.011339,384,"Brazil","Rio Grande do Sul","BRA","BRA","BRA.21_1","20220530","success"
"760",0.031102,0.010589,0.02924,0.00911,342,"Brazil","Rio Grande do Sul","BRA","BRA","BRA.21_1","20220531","success"
"761",0.037698,0.011291,0.034826,0.009144,402,"Brazil","Rio Grande do Sul","BRA","BRA","BRA.21_1","20220601","success"
"762",0.035738,0.01164,0.034121,0.009301,381,"Brazil","Rio Grande do Sul","BRA","BRA","BRA.21_1","20220602","success"
"763",0.048256,0.015605,0.040373,0.010969,322,"Brazil","Rio Grande do Sul","BRA","BRA","BRA.21_1","20220603","success"
"764",0.040514,0.011118,0.042553,0.011128,329,"Brazil","Rio Grande do Sul","BRA","BRA","BRA.21_1","20220604","success"
"765",0.041756,0.01154,0.037594,0.009523,399,"Brazil","Rio Grande do Sul","BRA","BRA","BRA.21_1","20220605","success"
"766",0.039183,0.011243,0.036855,0.009339,407,"Brazil","Rio Grande do Sul","BRA","BRA","BRA.21_1","20220606","success"
"767",0.039415,0.009962,0.041475,0.009571,434,"Brazil","Rio Grande do Sul","BRA","BRA","BRA.21_1","20220607","success"
"768",0.046238,0.012397,0.043605,0.01101,344,"Brazil","Rio Grande do Sul","BRA","BRA","BRA.21_1","20220608","success"
"769",0.042065,0.011696,0.036745,0.009639,381,"Brazil","Rio Grande do Sul","BRA","BRA","BRA.21_1","20220609","success"
"770",0.035105,0.010584,0.036723,0.009996,354,"Brazil","Rio Grande do Sul","BRA","BRA","BRA.21_1","20220610","success"
"771",0.018023,0.00688,0.021807,0.008152,321,"Brazil","Rio Grande do Sul","BRA","BRA","BRA.21_1","20220611","success"
"772",0.045595,0.014691,0.034286,0.009726,350,"Brazil","Rio Grande do Sul","BRA","BRA","BRA.21_1","20220612","success"
"773",0.031463,0.008999,0.035264,0.009257,397,"Brazil","Rio Grande do Sul","BRA","BRA","BRA.21_1","20220613","success"
"774",0.054028,0.013134,0.050119,0.010659,419,"Brazil","Rio Grande do Sul","BRA","BRA","BRA.21_1","20220614","success"
"775",0.04294,0.010664,0.047872,0.01101,376,"Brazil","Rio Grande do Sul","BRA","BRA","BRA.21_1","20220615","success"
"776",0.031099,0.009232,0.030534,0.008679,393,"Brazil","Rio Grande do Sul","BRA","BRA","BRA.21_1","20220616","success"
"777",0.031771,0.011981,0.02584,0.008065,387,"Brazil","Rio Grande do Sul","BRA","BRA","BRA.21_1","20220617","success"
"778",0.045143,0.016087,0.029586,0.009216,338,"Brazil","Rio Grande do Sul","BRA","BRA","BRA.21_1","20220618","success"
"779",0.050967,0.014536,0.037037,0.009714,378,"Brazil","Rio Grande do Sul","BRA","BRA","BRA.21_1","20220619","success"
"780",0.04798,0.013301,0.044693,0.010921,358,"Brazil","Rio Grande do Sul","BRA","BRA","BRA.21_1","20220620","success"
"781",0.027464,0.012423,0.023622,0.00778,381,"Brazil","Rio Grande do Sul","BRA","BRA","BRA.21_1","20220621","success"
"782",0.027166,0.009866,0.025424,0.008366,354,"Brazil","Rio Grande do Sul","BRA","BRA","BRA.21_1","20220622","success"
"783",0.038682,0.010411,0.040872,0.010335,367,"Brazil","Rio Grande do Sul","BRA","BRA","BRA.21_1","20220623","success"
"784",0.020201,0.007546,0.02589,0.009034,309,"Brazil","Rio Grande do Sul","BRA","BRA","BRA.21_1","20220624","success"
"785",0.022301,0.010123,0.022472,0.00907,267,"Brazil","Rio Grande do Sul","BRA","BRA","BRA.21_1","20220625","success"
